site_no,parameters_evidenced,earliest_year_evidenced,latest_year_evidenced,evidence_file_count,sample_paths
00020126,00060; 00065,1900,2094,5,normalized_v1/modern/_normalization_metadata/modern_pre_datum_normalization_manifest_v1.csv; merged_raw_pre_datum_v1/_merge_metadata/lossless_merged_raw_pre_datum_group_manifest_v1.csv; merged_raw_pre_datum_v1/_merge_metadata/lossless_merged_raw_pre_datum_input_file_manifest_v1.csv; merged_raw_pre_datum_v1/_merge_metadata/modern_pre_datum_normalization_manifest_used_v1.csv; metadata/post_merge_audits/lossless_merged_raw_pre_datum_fidelity_audit_20260714_184508/lossless_merged_raw_pre_datum_input_byte_replay_results_v1.csv
00237917,,1918,2095,3,site_inventory/usgs_r_pull_candidates_FULL_BROAD_INVENTORY.csv; site_inventory/usgs_r_pull_candidates_VERIFIED_ACTIVE_MASK_ALL.csv; site_inventory/usgs_r_pull_candidates_REVIEW_SUBSET.csv
00306768,00060; 00065,1900,2094,2,normalized_v1/modern/_normalization_metadata/modern_pre_datum_normalization_manifest_v1.csv; merged_raw_pre_datum_v1/_merge_metadata/modern_pre_datum_normalization_manifest_used_v1.csv
00357214,00060; 00065,1900,2094,2,normalized_v1/modern/_normalization_metadata/modern_pre_datum_normalization_manifest_v1.csv; merged_raw_pre_datum_v1/_merge_metadata/modern_pre_datum_normalization_manifest_used_v1.csv
00511836,00060; 00065,1900,2094,2,normalized_v1/modern/_normalization_metadata/modern_pre_datum_normalization_manifest_v1.csv; merged_raw_pre_datum_v1/_merge_metadata/modern_pre_datum_normalization_manifest_used_v1.csv
00561543,,1918,2095,3,site_inventory/usgs_r_pull_candidates_FULL_BROAD_INVENTORY.csv; site_inventory/usgs_r_pull_candidates_VERIFIED_ACTIVE_MASK_ALL.csv; site_inventory/usgs_r_pull_candidates_REVIEW_SUBSET.csv
00779760,00060; 00065,1900,2094,1,merged_raw_pre_datum_v1/_merge_metadata/lossless_merged_raw_pre_datum_group_manifest_v1.csv
00807358,00065,1900,2094,1,datum_adjusted_v1/_datum_metadata/USGS_DATUM_ADJUSTED_V1_FILE_MANIFEST.csv
00864647,00060; 00065,1900,2094,2,normalized_v1/modern/_normalization_metadata/modern_pre_datum_normalization_manifest_v1.csv; merged_raw_pre_datum_v1/_merge_metadata/modern_pre_datum_normalization_manifest_used_v1.csv
00869755,00065,1900,2094,1,datum_adjusted_v1/_datum_metadata/USGS_DATUM_ADJUSTED_V1_FILE_MANIFEST.csv
00923763,00060; 00065,1900,2094,6,normalized_v1/modern/_normalization_metadata/modern_pre_datum_normalization_manifest_v1.csv; merged_raw_pre_datum_v1/_merge_metadata/lossless_merged_raw_pre_datum_group_manifest_v1.csv; merged_raw_pre_datum_v1/_merge_metadata/lossless_merged_raw_pre_datum_input_file_manifest_v1.csv; merged_raw_pre_datum_v1/_merge_metadata/modern_pre_datum_normalization_manifest_used_v1.csv; datum_adjusted_v1/_datum_metadata/USGS_DATUM_ADJUSTED_V1_FILE_MANIFEST.csv
00928763,00060; 00065,1900,2094,2,normalized_v1/modern/_normalization_metadata/modern_pre_datum_normalization_manifest_v1.csv; merged_raw_pre_datum_v1/_merge_metadata/modern_pre_datum_normalization_manifest_used_v1.csv
01167148,,1918,2095,3,site_inventory/usgs_r_pull_candidates_FULL_BROAD_INVENTORY.csv; site_inventory/usgs_r_pull_candidates_VERIFIED_ACTIVE_MASK_ALL.csv; site_inventory/usgs_r_pull_candidates_REVIEW_SUBSET.csv
01484824,00060; 00065,1932,2088,2,normalized_v1/legacy/_normalization_metadata/legacy_pre_datum_normalization_manifest_v1.csv; merged_raw_pre_datum_v1/_merge_metadata/legacy_pre_datum_normalization_manifest_used_v1.csv
01587321,00060; 00065,1900,2094,5,normalized_v1/modern/_normalization_metadata/modern_pre_datum_normalization_manifest_v1.csv; merged_raw_pre_datum_v1/_merge_metadata/lossless_merged_raw_pre_datum_group_manifest_v1.csv; merged_raw_pre_datum_v1/_merge_metadata/lossless_merged_raw_pre_datum_input_file_manifest_v1.csv; merged_raw_pre_datum_v1/_merge_metadata/modern_pre_datum_normalization_manifest_used_v1.csv; metadata/post_merge_audits/lossless_merged_raw_pre_datum_fidelity_audit_20260714_184508/lossless_merged_raw_pre_datum_input_byte_replay_results_v1.csv
01737899,00060; 00065,1900,2094,2,normalized_v1/modern/_normalization_metadata/modern_pre_datum_normalization_manifest_v1.csv; merged_raw_pre_datum_v1/_merge_metadata/modern_pre_datum_normalization_manifest_used_v1.csv
01765403,,1918,2095,3,site_inventory/usgs_r_pull_candidates_FULL_BROAD_INVENTORY.csv; site_inventory/usgs_r_pull_candidates_VERIFIED_ACTIVE_MASK_ALL.csv; site_inventory/usgs_r_pull_candidates_REVIEW_SUBSET.csv
01987595,00065,1900,2094,1,datum_adjusted_v1/_datum_metadata/USGS_DATUM_ADJUSTED_V1_FILE_MANIFEST.csv
02050426,,1918,2095,2,site_inventory/usgs_r_pull_candidates_FULL_BROAD_INVENTORY.csv; site_inventory/usgs_r_pull_candidates_REVIEW_SUBSET.csv
02157819,00060; 00065,1900,2094,6,normalized_v1/modern/_normalization_metadata/modern_pre_datum_normalization_manifest_v1.csv; merged_raw_pre_datum_v1/_merge_metadata/lossless_merged_raw_pre_datum_group_manifest_v1.csv; merged_raw_pre_datum_v1/_merge_metadata/lossless_merged_raw_pre_datum_input_file_manifest_v1.csv; merged_raw_pre_datum_v1/_merge_metadata/modern_pre_datum_normalization_manifest_used_v1.csv; datum_adjusted_v1/_datum_metadata/USGS_DATUM_ADJUSTED_V1_FILE_MANIFEST.csv
02291076,,1918,2095,1,site_inventory/usgs_r_pull_candidates_FULL_BROAD_INVENTORY.csv
02294454,,1918,2095,3,site_inventory/usgs_r_pull_candidates_FULL_BROAD_INVENTORY.csv; site_inventory/usgs_r_pull_candidates_VERIFIED_ACTIVE_MASK_ALL.csv; site_inventory/usgs_r_pull_candidates_REVIEW_SUBSET.csv
02711899,00060; 00065,1900,2094,1,merged_raw_pre_datum_v1/_merge_metadata/lossless_merged_raw_pre_datum_group_manifest_v1.csv
02788276,00060; 00065,1932,2088,2,normalized_v1/legacy/_normalization_metadata/legacy_pre_datum_normalization_manifest_v1.csv; merged_raw_pre_datum_v1/_merge_metadata/legacy_pre_datum_normalization_manifest_used_v1.csv
02851617,,1918,2095,1,site_inventory/usgs_r_pull_candidates_FULL_BROAD_INVENTORY.csv
03093902,00060; 00065,1900,2094,6,normalized_v1/modern/_normalization_metadata/modern_pre_datum_normalization_manifest_v1.csv; merged_raw_pre_datum_v1/_merge_metadata/lossless_merged_raw_pre_datum_group_manifest_v1.csv; merged_raw_pre_datum_v1/_merge_metadata/lossless_merged_raw_pre_datum_input_file_manifest_v1.csv; merged_raw_pre_datum_v1/_merge_metadata/modern_pre_datum_normalization_manifest_used_v1.csv; datum_adjusted_v1/_datum_metadata/USGS_DATUM_ADJUSTED_V1_FILE_MANIFEST.csv
03107488,,1918,2095,3,site_inventory/usgs_r_pull_candidates_FULL_BROAD_INVENTORY.csv; site_inventory/usgs_r_pull_candidates_VERIFIED_ACTIVE_MASK_ALL.csv; site_inventory/usgs_r_pull_candidates_REVIEW_SUBSET.csv
03325898,,1918,2095,1,site_inventory/usgs_r_pull_candidates_FULL_BROAD_INVENTORY.csv
03443887,,1918,2095,1,site_inventory/usgs_r_pull_candidates_FULL_BROAD_INVENTORY.csv
03479054,,1918,2095,1,site_inventory/usgs_r_pull_candidates_FULL_BROAD_INVENTORY.csv
03670493,,1918,2095,3,site_inventory/usgs_r_pull_candidates_FULL_BROAD_INVENTORY.csv; site_inventory/usgs_r_pull_candidates_VERIFIED_ACTIVE_MASK_ALL.csv; site_inventory/usgs_r_pull_candidates_REVIEW_SUBSET.csv
03804689,00065,1900,2094,1,datum_adjusted_v1/_datum_metadata/USGS_DATUM_ADJUSTED_V1_FILE_MANIFEST.csv
03832071,00060; 00065,1900,2094,6,normalized_v1/modern/_normalization_metadata/modern_pre_datum_normalization_manifest_v1.csv; merged_raw_pre_datum_v1/_merge_metadata/lossless_merged_raw_pre_datum_group_manifest_v1.csv; merged_raw_pre_datum_v1/_merge_metadata/lossless_merged_raw_pre_datum_input_file_manifest_v1.csv; merged_raw_pre_datum_v1/_merge_metadata/modern_pre_datum_normalization_manifest_used_v1.csv; datum_adjusted_v1/_datum_metadata/USGS_DATUM_ADJUSTED_V1_FILE_MANIFEST.csv
03990045,00060; 00065,1932,2088,2,normalized_v1/legacy/_normalization_metadata/legacy_pre_datum_normalization_manifest_v1.csv; merged_raw_pre_datum_v1/_merge_metadata/legacy_pre_datum_normalization_manifest_used_v1.csv
04024931,,1918,2095,1,site_inventory/usgs_r_pull_candidates_FULL_BROAD_INVENTORY.csv
04112362,00060; 00065,1900,2094,1,merged_raw_pre_datum_v1/_merge_metadata/lossless_merged_raw_pre_datum_group_manifest_v1.csv
04113316,,1918,2095,1,site_inventory/usgs_r_pull_candidates_FULL_BROAD_INVENTORY.csv
04221263,,1918,2095,1,site_inventory/usgs_r_pull_candidates_FULL_BROAD_INVENTORY.csv
04411458,00060; 00065,1932,2088,2,normalized_v1/legacy/_normalization_metadata/legacy_pre_datum_normalization_manifest_v1.csv; merged_raw_pre_datum_v1/_merge_metadata/legacy_pre_datum_normalization_manifest_used_v1.csv
04432217,00060; 00065,1900,2094,4,normalized_v1/legacy/_normalization_metadata/legacy_pre_datum_normalization_manifest_v1.csv; merged_raw_pre_datum_v1/_merge_metadata/lossless_merged_raw_pre_datum_input_file_manifest_v1.csv; merged_raw_pre_datum_v1/_merge_metadata/legacy_pre_datum_normalization_manifest_used_v1.csv; metadata/post_merge_audits/lossless_merged_raw_pre_datum_fidelity_audit_20260714_184508/lossless_merged_raw_pre_datum_input_byte_replay_results_v1.csv
04501164,00060; 00065,1919,2026,7,metadata/datum_llm_parse_inputs/datum_llm_parse_input_20260715_101411/USGS_DATUM_METADATA_SOURCE_MANIFEST.csv; metadata/datum_llm_parse_inputs/datum_llm_parse_input_20260715_101411/USGS_DATUM_LLM_PARSE_TEMPLATE_5_COLUMNS.csv; metadata/datum_llm_parse_inputs/datum_llm_parse_input_20260715_101411/llm_completions/LLM_02/USGS_DATUM_LLM_PARSE_COMPLETED_LLM02_5_COLUMNS.csv; metadata/datum_llm_parse_inputs/datum_llm_parse_input_20260715_101411/llm_completions/LLM_01/USGS_DATUM_LLM_PARSE_COMPLETED_LLM01_5_COLUMNS.csv; metadata/datum_llm_parse_inputs/datum_llm_parse_input_20260715_101411/llm_comparison_20260715_104946/USGS_DATUM_LLM_COMPARISON_ALL_89_V1.csv
04521006,,1918,2095,1,site_inventory/usgs_r_pull_candidates_FULL_BROAD_INVENTORY.csv
04828916,00060; 00065,1900,2094,2,normalized_v1/modern/_normalization_metadata/modern_pre_datum_normalization_manifest_v1.csv; merged_raw_pre_datum_v1/_merge_metadata/modern_pre_datum_normalization_manifest_used_v1.csv
04885913,00065,1900,2094,1,datum_adjusted_v1/_datum_metadata/USGS_DATUM_ADJUSTED_V1_FILE_MANIFEST.csv
05195766,,1918,2095,2,site_inventory/usgs_r_pull_candidates_FULL_BROAD_INVENTORY.csv; site_inventory/usgs_r_pull_candidates_REVIEW_SUBSET.csv
05229564,00065,1900,2094,1,datum_adjusted_v1/_datum_metadata/USGS_DATUM_ADJUSTED_V1_FILE_MANIFEST.csv
05378233,,1903,2086,1,site_inventory/noaa_coops_station_encyclopedia_classified.csv
05571661,,1918,2095,1,site_inventory/usgs_r_pull_candidates_FULL_BROAD_INVENTORY.csv
05623724,,1918,2095,3,site_inventory/usgs_r_pull_candidates_FULL_BROAD_INVENTORY.csv; site_inventory/usgs_r_pull_candidates_VERIFIED_ACTIVE_MASK_ALL.csv; site_inventory/usgs_r_pull_candidates_REVIEW_SUBSET.csv
05663463,00060; 00065,1900,2094,6,normalized_v1/modern/_normalization_metadata/modern_pre_datum_normalization_manifest_v1.csv; merged_raw_pre_datum_v1/_merge_metadata/lossless_merged_raw_pre_datum_group_manifest_v1.csv; merged_raw_pre_datum_v1/_merge_metadata/lossless_merged_raw_pre_datum_input_file_manifest_v1.csv; merged_raw_pre_datum_v1/_merge_metadata/modern_pre_datum_normalization_manifest_used_v1.csv; datum_adjusted_v1/_datum_metadata/USGS_DATUM_ADJUSTED_V1_FILE_MANIFEST.csv
05686543,,1918,2095,1,site_inventory/usgs_r_pull_candidates_FULL_BROAD_INVENTORY.csv
05696282,,1918,2095,1,site_inventory/usgs_r_pull_candidates_FULL_BROAD_INVENTORY.csv
05748477,,1903,2086,1,site_inventory/noaa_coops_station_encyclopedia_classified.csv
05763819,,1918,2095,1,site_inventory/usgs_r_pull_candidates_FULL_BROAD_INVENTORY.csv
05804586,00060; 00065,1900,2094,5,normalized_v1/modern/_normalization_metadata/modern_pre_datum_normalization_manifest_v1.csv; merged_raw_pre_datum_v1/_merge_metadata/lossless_merged_raw_pre_datum_group_manifest_v1.csv; merged_raw_pre_datum_v1/_merge_metadata/lossless_merged_raw_pre_datum_input_file_manifest_v1.csv; merged_raw_pre_datum_v1/_merge_metadata/modern_pre_datum_normalization_manifest_used_v1.csv; metadata/post_merge_audits/lossless_merged_raw_pre_datum_fidelity_audit_20260714_184508/lossless_merged_raw_pre_datum_input_byte_replay_results_v1.csv
05848454,00065,1900,2094,1,datum_adjusted_v1/_datum_metadata/USGS_DATUM_ADJUSTED_V1_FILE_MANIFEST.csv
05941776,00060; 00065,1932,2088,2,normalized_v1/legacy/_normalization_metadata/legacy_pre_datum_normalization_manifest_v1.csv; merged_raw_pre_datum_v1/_merge_metadata/legacy_pre_datum_normalization_manifest_used_v1.csv
06026377,00060; 00065,1918,2095,5,site_inventory/usgs_r_pull_candidates_FULL_BROAD_INVENTORY.csv; site_inventory/usgs_r_pull_candidates_VERIFIED_ACTIVE_MASK_ALL.csv; site_inventory/usgs_173_timeseries_metadata_summary.csv; site_inventory/usgs_r_pull_candidates_REVIEW_SUBSET.csv; site_inventory/usgs_r_pull_candidates_VERIFIED_ACTIVE_MASK_SURFACE_NAME_FILTER.csv
06067819,,1918,2095,1,site_inventory/usgs_r_pull_candidates_FULL_BROAD_INVENTORY.csv
06087702,,1918,2095,1,site_inventory/usgs_r_pull_candidates_FULL_BROAD_INVENTORY.csv
06131985,00060; 00065,1900,2094,2,normalized_v1/modern/_normalization_metadata/modern_pre_datum_normalization_manifest_v1.csv; merged_raw_pre_datum_v1/_merge_metadata/modern_pre_datum_normalization_manifest_used_v1.csv
06154614,00060; 00065,1900,2094,4,normalized_v1/modern/_normalization_metadata/modern_pre_datum_normalization_manifest_v1.csv; merged_raw_pre_datum_v1/_merge_metadata/lossless_merged_raw_pre_datum_input_file_manifest_v1.csv; merged_raw_pre_datum_v1/_merge_metadata/modern_pre_datum_normalization_manifest_used_v1.csv; metadata/post_merge_audits/lossless_merged_raw_pre_datum_fidelity_audit_20260714_184508/lossless_merged_raw_pre_datum_input_byte_replay_results_v1.csv
06223647,,1918,2095,3,site_inventory/usgs_r_pull_candidates_FULL_BROAD_INVENTORY.csv; site_inventory/usgs_r_pull_candidates_VERIFIED_ACTIVE_MASK_ALL.csv; site_inventory/usgs_r_pull_candidates_REVIEW_SUBSET.csv
06261036,,1918,2095,2,site_inventory/usgs_r_pull_candidates_FULL_BROAD_INVENTORY.csv; site_inventory/usgs_r_pull_candidates_REVIEW_SUBSET.csv
06281005,00060; 00065,1900,2094,2,normalized_v1/modern/_normalization_metadata/modern_pre_datum_normalization_manifest_v1.csv; merged_raw_pre_datum_v1/_merge_metadata/modern_pre_datum_normalization_manifest_used_v1.csv
06292413,,1918,2095,3,site_inventory/usgs_r_pull_candidates_FULL_BROAD_INVENTORY.csv; site_inventory/usgs_r_pull_candidates_VERIFIED_ACTIVE_MASK_ALL.csv; site_inventory/usgs_r_pull_candidates_REVIEW_SUBSET.csv
06564755,,1918,2095,1,site_inventory/usgs_r_pull_candidates_FULL_BROAD_INVENTORY.csv
06565960,00060; 00065,1900,2094,6,normalized_v1/modern/_normalization_metadata/modern_pre_datum_normalization_manifest_v1.csv; merged_raw_pre_datum_v1/_merge_metadata/lossless_merged_raw_pre_datum_group_manifest_v1.csv; merged_raw_pre_datum_v1/_merge_metadata/lossless_merged_raw_pre_datum_input_file_manifest_v1.csv; merged_raw_pre_datum_v1/_merge_metadata/modern_pre_datum_normalization_manifest_used_v1.csv; datum_adjusted_v1/_datum_metadata/USGS_DATUM_ADJUSTED_V1_FILE_MANIFEST.csv
06868062,00060; 00065,1906,2081,1,site_inventory/usgs_173_timeseries_metadata_raw_20260709_124515.csv
06888011,00060; 00065,1900,2094,1,merged_raw_pre_datum_v1/_merge_metadata/lossless_merged_raw_pre_datum_group_manifest_v1.csv
07027637,,1918,2095,1,site_inventory/usgs_r_pull_candidates_FULL_BROAD_INVENTORY.csv
07029626,00065,1900,2094,1,datum_adjusted_v1/_datum_metadata/USGS_DATUM_ADJUSTED_V1_FILE_MANIFEST.csv
07042236,00060; 00065,1900,2094,5,normalized_v1/modern/_normalization_metadata/modern_pre_datum_normalization_manifest_v1.csv; merged_raw_pre_datum_v1/_merge_metadata/lossless_merged_raw_pre_datum_group_manifest_v1.csv; merged_raw_pre_datum_v1/_merge_metadata/lossless_merged_raw_pre_datum_input_file_manifest_v1.csv; merged_raw_pre_datum_v1/_merge_metadata/modern_pre_datum_normalization_manifest_used_v1.csv; metadata/post_merge_audits/lossless_merged_raw_pre_datum_fidelity_audit_20260714_184508/lossless_merged_raw_pre_datum_input_byte_replay_results_v1.csv
07144395,00065,1900,2094,1,datum_adjusted_v1/_datum_metadata/USGS_DATUM_ADJUSTED_V1_FILE_MANIFEST.csv
07202369,00060; 00065,1918,2095,12,site_inventory/usgs_r_pull_candidates_FULL_BROAD_INVENTORY.csv; site_inventory/usgs_r_pull_candidates_VERIFIED_ACTIVE_MASK_ALL.csv; site_inventory/usgs_r_pull_candidates_VERIFIED_ACTIVE_SURFACE_HAS_EVER_00065_OR_00060.csv; site_inventory/usgs_173_timeseries_metadata_summary.csv; site_inventory/usgs_r_pull_candidates_VERIFIED_ACTIVE_MASK_FIRST100.csv
07447767,00060; 00065,1900,2094,2,normalized_v1/modern/_normalization_metadata/modern_pre_datum_normalization_manifest_v1.csv; merged_raw_pre_datum_v1/_merge_metadata/modern_pre_datum_normalization_manifest_used_v1.csv
07534301,00060; 00065,1900,2094,6,normalized_v1/modern/_normalization_metadata/modern_pre_datum_normalization_manifest_v1.csv; merged_raw_pre_datum_v1/_merge_metadata/lossless_merged_raw_pre_datum_group_manifest_v1.csv; merged_raw_pre_datum_v1/_merge_metadata/lossless_merged_raw_pre_datum_input_file_manifest_v1.csv; merged_raw_pre_datum_v1/_merge_metadata/modern_pre_datum_normalization_manifest_used_v1.csv; datum_adjusted_v1/_datum_metadata/USGS_DATUM_ADJUSTED_V1_FILE_MANIFEST.csv
07678918,00060; 00065,1900,2094,2,normalized_v1/modern/_normalization_metadata/modern_pre_datum_normalization_manifest_v1.csv; merged_raw_pre_datum_v1/_merge_metadata/modern_pre_datum_normalization_manifest_used_v1.csv
07910106,,1918,2095,1,site_inventory/usgs_r_pull_candidates_FULL_BROAD_INVENTORY.csv
08011074,,1903,2086,1,site_inventory/noaa_coops_station_encyclopedia_classified.csv
08041200,,1918,2095,1,site_inventory/usgs_r_pull_candidates_FULL_BROAD_INVENTORY.csv
08042539,,1918,2095,1,site_inventory/usgs_r_pull_candidates_FULL_BROAD_INVENTORY.csv
08042546,,1918,2095,1,site_inventory/usgs_r_pull_candidates_FULL_BROAD_INVENTORY.csv
08042547,,1918,2095,1,site_inventory/usgs_r_pull_candidates_FULL_BROAD_INVENTORY.csv
08042548,,1918,2095,1,site_inventory/usgs_r_pull_candidates_FULL_BROAD_INVENTORY.csv
08042550,,1918,2095,1,site_inventory/usgs_r_pull_candidates_FULL_BROAD_INVENTORY.csv
08042554,,1918,2095,1,site_inventory/usgs_r_pull_candidates_FULL_BROAD_INVENTORY.csv
08042558,,1918,2095,1,site_inventory/usgs_r_pull_candidates_FULL_BROAD_INVENTORY.csv
08042575,,1918,2095,1,site_inventory/usgs_r_pull_candidates_FULL_BROAD_INVENTORY.csv
08065925,,1918,2095,1,site_inventory/usgs_r_pull_candidates_FULL_BROAD_INVENTORY.csv
08065975,,1918,2095,1,site_inventory/usgs_r_pull_candidates_FULL_BROAD_INVENTORY.csv
08066050,,1918,2095,1,site_inventory/usgs_r_pull_candidates_FULL_BROAD_INVENTORY.csv
08066150,,1918,2095,1,site_inventory/usgs_r_pull_candidates_FULL_BROAD_INVENTORY.csv
08066190,,1918,2095,1,site_inventory/usgs_r_pull_candidates_FULL_BROAD_INVENTORY.csv
08066191,,1918,2095,1,site_inventory/usgs_r_pull_candidates_FULL_BROAD_INVENTORY.csv
08066192,,1918,2095,1,site_inventory/usgs_r_pull_candidates_FULL_BROAD_INVENTORY.csv
08066200,,1918,2095,1,site_inventory/usgs_r_pull_candidates_FULL_BROAD_INVENTORY.csv
08066205,,1918,2095,1,site_inventory/usgs_r_pull_candidates_FULL_BROAD_INVENTORY.csv
08066210,,1918,2095,1,site_inventory/usgs_r_pull_candidates_FULL_BROAD_INVENTORY.csv
08066250,,1918,2095,1,site_inventory/usgs_r_pull_candidates_FULL_BROAD_INVENTORY.csv
08066260,,1918,2095,1,site_inventory/usgs_r_pull_candidates_FULL_BROAD_INVENTORY.csv
08066280,,1918,2095,1,site_inventory/usgs_r_pull_candidates_FULL_BROAD_INVENTORY.csv
08066295,,1918,2095,1,site_inventory/usgs_r_pull_candidates_FULL_BROAD_INVENTORY.csv
08066300,,1918,2095,1,site_inventory/usgs_r_pull_candidates_FULL_BROAD_INVENTORY.csv
08066380,,1918,2095,1,site_inventory/usgs_r_pull_candidates_FULL_BROAD_INVENTORY.csv
08066400,,1918,2095,1,site_inventory/usgs_r_pull_candidates_FULL_BROAD_INVENTORY.csv
08066500,,1918,2095,1,site_inventory/usgs_r_pull_candidates_FULL_BROAD_INVENTORY.csv
08066700,,1918,2095,1,site_inventory/usgs_r_pull_candidates_FULL_BROAD_INVENTORY.csv
08066800,,1918,2095,1,site_inventory/usgs_r_pull_candidates_FULL_BROAD_INVENTORY.csv
08066850,,1918,2095,1,site_inventory/usgs_r_pull_candidates_FULL_BROAD_INVENTORY.csv
08067000,,1918,2095,1,site_inventory/usgs_r_pull_candidates_FULL_BROAD_INVENTORY.csv
08067070,,1918,2095,1,site_inventory/usgs_r_pull_candidates_FULL_BROAD_INVENTORY.csv
08067071,,1918,2095,1,site_inventory/usgs_r_pull_candidates_FULL_BROAD_INVENTORY.csv
08067074,00060; 00065,1918,2095,6,site_inventory/usgs_r_pull_candidates_FULL_BROAD_INVENTORY.csv; site_inventory/usgs_r_pull_candidates_VERIFIED_ACTIVE_MASK_ALL.csv; site_inventory/usgs_173_timeseries_metadata_summary.csv; site_inventory/usgs_r_pull_candidates_VERIFIED_ACTIVE_MASK_FIRST100.csv; site_inventory/usgs_r_pull_candidates_REVIEW_SUBSET.csv
08067080,,1918,2095,1,site_inventory/usgs_r_pull_candidates_FULL_BROAD_INVENTORY.csv
08067098,,1918,2095,1,site_inventory/usgs_r_pull_candidates_FULL_BROAD_INVENTORY.csv
08067100,,1918,2095,1,site_inventory/usgs_r_pull_candidates_FULL_BROAD_INVENTORY.csv
08067118,,1918,2095,1,site_inventory/usgs_r_pull_candidates_FULL_BROAD_INVENTORY.csv
08067190,,1918,2095,1,site_inventory/usgs_r_pull_candidates_FULL_BROAD_INVENTORY.csv
08067215,,1918,2095,1,site_inventory/usgs_r_pull_candidates_FULL_BROAD_INVENTORY.csv
08067230,,1918,2095,1,site_inventory/usgs_r_pull_candidates_FULL_BROAD_INVENTORY.csv
08067239,,1918,2095,1,site_inventory/usgs_r_pull_candidates_FULL_BROAD_INVENTORY.csv
08067240,,1918,2095,1,site_inventory/usgs_r_pull_candidates_FULL_BROAD_INVENTORY.csv
08067244,,1918,2095,1,site_inventory/usgs_r_pull_candidates_FULL_BROAD_INVENTORY.csv
08067248,,1918,2095,1,site_inventory/usgs_r_pull_candidates_FULL_BROAD_INVENTORY.csv
08067250,,1918,2095,1,site_inventory/usgs_r_pull_candidates_FULL_BROAD_INVENTORY.csv
08067252,,1918,2095,1,site_inventory/usgs_r_pull_candidates_FULL_BROAD_INVENTORY.csv
08067254,,1918,2095,1,site_inventory/usgs_r_pull_candidates_FULL_BROAD_INVENTORY.csv
08067256,,1918,2095,1,site_inventory/usgs_r_pull_candidates_FULL_BROAD_INVENTORY.csv
08067258,,1918,2095,1,site_inventory/usgs_r_pull_candidates_FULL_BROAD_INVENTORY.csv
08067270,,1918,2095,1,site_inventory/usgs_r_pull_candidates_FULL_BROAD_INVENTORY.csv
08067280,,1918,2095,1,site_inventory/usgs_r_pull_candidates_FULL_BROAD_INVENTORY.csv
08067285,,1918,2095,1,site_inventory/usgs_r_pull_candidates_FULL_BROAD_INVENTORY.csv
08067300,,1918,2095,1,site_inventory/usgs_r_pull_candidates_FULL_BROAD_INVENTORY.csv
08067302,,1918,2095,1,site_inventory/usgs_r_pull_candidates_FULL_BROAD_INVENTORY.csv
08067303,,1918,2095,1,site_inventory/usgs_r_pull_candidates_FULL_BROAD_INVENTORY.csv
08067304,,1918,2095,1,site_inventory/usgs_r_pull_candidates_FULL_BROAD_INVENTORY.csv
08067320,,1918,2095,1,site_inventory/usgs_r_pull_candidates_FULL_BROAD_INVENTORY.csv
08067500,,1918,2095,1,site_inventory/usgs_r_pull_candidates_FULL_BROAD_INVENTORY.csv
08067505,,1918,2095,2,site_inventory/usgs_r_pull_candidates_FULL_BROAD_INVENTORY.csv; site_inventory/usgs_r_pull_candidates_REVIEW_SUBSET.csv
08067510,,1918,2095,2,site_inventory/usgs_r_pull_candidates_FULL_BROAD_INVENTORY.csv; site_inventory/usgs_r_pull_candidates_REVIEW_SUBSET.csv
08067520,00060; 00065,1900,2099,226,site_inventory/usgs_r_pull_candidates_FULL_BROAD_INVENTORY.csv; site_inventory/usgs_r_pull_candidates_FIRST25_SMOKE.csv; site_inventory/usgs_r_pull_candidates_VERIFIED_ACTIVE_MASK_ALL.csv; site_inventory/usgs_r_pull_candidates_VERIFIED_ACTIVE_SURFACE_HAS_EVER_00065_OR_00060.csv; site_inventory/usgs_173_timeseries_metadata_summary.csv
08067525,00060; 00065,1900,2099,314,site_inventory/usgs_r_pull_candidates_FULL_BROAD_INVENTORY.csv; site_inventory/usgs_r_pull_candidates_FIRST25_SMOKE.csv; site_inventory/usgs_r_pull_candidates_VERIFIED_ACTIVE_MASK_ALL.csv; site_inventory/usgs_r_pull_candidates_VERIFIED_ACTIVE_SURFACE_HAS_2024_BOTH_00065_AND_00060.csv; site_inventory/usgs_r_pull_candidates_VERIFIED_ACTIVE_SURFACE_HAS_EVER_00065_OR_00060.csv
08067548,,1918,2095,1,site_inventory/usgs_r_pull_candidates_FULL_BROAD_INVENTORY.csv
08067550,,1918,2095,1,site_inventory/usgs_r_pull_candidates_FULL_BROAD_INVENTORY.csv
08067552,,1918,2095,1,site_inventory/usgs_r_pull_candidates_FULL_BROAD_INVENTORY.csv
08067555,,1918,2095,1,site_inventory/usgs_r_pull_candidates_FULL_BROAD_INVENTORY.csv
08067575,,1918,2095,1,site_inventory/usgs_r_pull_candidates_FULL_BROAD_INVENTORY.csv
08067580,,1918,2095,1,site_inventory/usgs_r_pull_candidates_FULL_BROAD_INVENTORY.csv
08067585,,1918,2095,1,site_inventory/usgs_r_pull_candidates_FULL_BROAD_INVENTORY.csv
08067600,,1918,2095,1,site_inventory/usgs_r_pull_candidates_FULL_BROAD_INVENTORY.csv
08067610,,1918,2095,1,site_inventory/usgs_r_pull_candidates_FULL_BROAD_INVENTORY.csv
08067650,,1918,2095,2,site_inventory/usgs_r_pull_candidates_FULL_BROAD_INVENTORY.csv; site_inventory/usgs_r_pull_candidates_REVIEW_SUBSET.csv
08067652,,1918,2095,2,site_inventory/usgs_r_pull_candidates_FULL_BROAD_INVENTORY.csv; site_inventory/usgs_r_pull_candidates_REVIEW_SUBSET.csv
08067653,,1918,2095,2,site_inventory/usgs_r_pull_candidates_FULL_BROAD_INVENTORY.csv; site_inventory/usgs_r_pull_candidates_REVIEW_SUBSET.csv
08067654,,1918,2095,2,site_inventory/usgs_r_pull_candidates_FULL_BROAD_INVENTORY.csv; site_inventory/usgs_r_pull_candidates_REVIEW_SUBSET.csv
08067656,,1918,2095,2,site_inventory/usgs_r_pull_candidates_FULL_BROAD_INVENTORY.csv; site_inventory/usgs_r_pull_candidates_REVIEW_SUBSET.csv
08067657,,1918,2095,2,site_inventory/usgs_r_pull_candidates_FULL_BROAD_INVENTORY.csv; site_inventory/usgs_r_pull_candidates_REVIEW_SUBSET.csv
08067660,,1918,2095,1,site_inventory/usgs_r_pull_candidates_FULL_BROAD_INVENTORY.csv
08067690,,1918,2095,2,site_inventory/usgs_r_pull_candidates_FULL_BROAD_INVENTORY.csv; site_inventory/usgs_r_pull_candidates_REVIEW_SUBSET.csv
08067700,,1918,2095,2,site_inventory/usgs_r_pull_candidates_FULL_BROAD_INVENTORY.csv; site_inventory/usgs_r_pull_candidates_REVIEW_SUBSET.csv
08067750,,1918,2095,2,site_inventory/usgs_r_pull_candidates_FULL_BROAD_INVENTORY.csv; site_inventory/usgs_r_pull_candidates_REVIEW_SUBSET.csv
08067800,,1918,2095,2,site_inventory/usgs_r_pull_candidates_FULL_BROAD_INVENTORY.csv; site_inventory/usgs_r_pull_candidates_REVIEW_SUBSET.csv
08067900,,1918,2095,2,site_inventory/usgs_r_pull_candidates_FULL_BROAD_INVENTORY.csv; site_inventory/usgs_r_pull_candidates_REVIEW_SUBSET.csv
08067920,,1918,2095,2,site_inventory/usgs_r_pull_candidates_FULL_BROAD_INVENTORY.csv; site_inventory/usgs_r_pull_candidates_REVIEW_SUBSET.csv
08068000,,1918,2095,2,site_inventory/usgs_r_pull_candidates_FULL_BROAD_INVENTORY.csv; site_inventory/usgs_r_pull_candidates_REVIEW_SUBSET.csv
08068002,,1918,2095,2,site_inventory/usgs_r_pull_candidates_FULL_BROAD_INVENTORY.csv; site_inventory/usgs_r_pull_candidates_REVIEW_SUBSET.csv
08068020,,1918,2095,1,site_inventory/usgs_r_pull_candidates_FULL_BROAD_INVENTORY.csv
08068025,,1918,2095,2,site_inventory/usgs_r_pull_candidates_FULL_BROAD_INVENTORY.csv; site_inventory/usgs_r_pull_candidates_REVIEW_SUBSET.csv
08068090,,1918,2095,2,site_inventory/usgs_r_pull_candidates_FULL_BROAD_INVENTORY.csv; site_inventory/usgs_r_pull_candidates_REVIEW_SUBSET.csv
08068100,,1918,2095,2,site_inventory/usgs_r_pull_candidates_FULL_BROAD_INVENTORY.csv; site_inventory/usgs_r_pull_candidates_REVIEW_SUBSET.csv
08068275,00060; 00065,1900,2099,292,site_inventory/usgs_r_pull_candidates_FULL_BROAD_INVENTORY.csv; site_inventory/usgs_r_pull_candidates_FIRST25_SMOKE.csv; site_inventory/usgs_r_pull_candidates_VERIFIED_ACTIVE_MASK_ALL.csv; site_inventory/usgs_r_pull_candidates_VERIFIED_ACTIVE_SURFACE_HAS_2024_BOTH_00065_AND_00060.csv; site_inventory/usgs_r_pull_candidates_VERIFIED_ACTIVE_SURFACE_HAS_EVER_00065_OR_00060.csv
08068300,00060; 00065,1900,2095,156,site_inventory/usgs_r_pull_candidates_FULL_BROAD_INVENTORY.csv; site_inventory/usgs_r_pull_candidates_FIRST25_SMOKE.csv; site_inventory/usgs_r_pull_candidates_VERIFIED_ACTIVE_MASK_ALL.csv; site_inventory/usgs_r_pull_candidates_VERIFIED_ACTIVE_SURFACE_HAS_EVER_00065_OR_00060.csv; site_inventory/usgs_173_timeseries_metadata_summary.csv
08068305,00060; 00065,1900,2095,156,site_inventory/usgs_r_pull_candidates_FULL_BROAD_INVENTORY.csv; site_inventory/usgs_r_pull_candidates_FIRST25_SMOKE.csv; site_inventory/usgs_r_pull_candidates_VERIFIED_ACTIVE_MASK_ALL.csv; site_inventory/usgs_r_pull_candidates_VERIFIED_ACTIVE_SURFACE_HAS_EVER_00065_OR_00060.csv; site_inventory/usgs_173_timeseries_metadata_summary.csv
08068310,00060; 00065,1900,2099,231,site_inventory/usgs_r_pull_candidates_FULL_BROAD_INVENTORY.csv; site_inventory/usgs_r_pull_candidates_VERIFIED_ACTIVE_MASK_ALL.csv; site_inventory/usgs_r_pull_candidates_VERIFIED_ACTIVE_SURFACE_HAS_2024_BOTH_00065_AND_00060.csv; site_inventory/usgs_r_pull_candidates_VERIFIED_ACTIVE_SURFACE_HAS_EVER_00065_OR_00060.csv; site_inventory/usgs_173_timeseries_metadata_summary.csv
08068325,00060; 00065,1900,2099,313,site_inventory/usgs_r_pull_candidates_FULL_BROAD_INVENTORY.csv; site_inventory/usgs_r_pull_candidates_FIRST25_SMOKE.csv; site_inventory/usgs_r_pull_candidates_VERIFIED_ACTIVE_MASK_ALL.csv; site_inventory/usgs_r_pull_candidates_VERIFIED_ACTIVE_SURFACE_HAS_2024_BOTH_00065_AND_00060.csv; site_inventory/usgs_r_pull_candidates_VERIFIED_ACTIVE_SURFACE_HAS_EVER_00065_OR_00060.csv
08068390,00060; 00065,1900,2099,344,site_inventory/usgs_r_pull_candidates_FULL_BROAD_INVENTORY.csv; site_inventory/usgs_r_pull_candidates_FIRST25_SMOKE.csv; site_inventory/usgs_r_pull_candidates_VERIFIED_ACTIVE_MASK_ALL.csv; site_inventory/usgs_r_pull_candidates_VERIFIED_ACTIVE_SURFACE_HAS_2024_BOTH_00065_AND_00060.csv; site_inventory/usgs_r_pull_candidates_VERIFIED_ACTIVE_SURFACE_HAS_EVER_00065_OR_00060.csv
08068400,00060; 00065,1900,2099,318,site_inventory/usgs_r_pull_candidates_FULL_BROAD_INVENTORY.csv; site_inventory/usgs_r_pull_candidates_VERIFIED_ACTIVE_MASK_ALL.csv; site_inventory/usgs_r_pull_candidates_VERIFIED_ACTIVE_SURFACE_HAS_2024_BOTH_00065_AND_00060.csv; site_inventory/usgs_r_pull_candidates_VERIFIED_ACTIVE_SURFACE_HAS_EVER_00065_OR_00060.csv; site_inventory/usgs_173_timeseries_metadata_summary.csv
08068438,00060; 00065,1918,2095,7,site_inventory/usgs_r_pull_candidates_FULL_BROAD_INVENTORY.csv; site_inventory/usgs_r_pull_candidates_FIRST25_SMOKE.csv; site_inventory/usgs_r_pull_candidates_VERIFIED_ACTIVE_MASK_ALL.csv; site_inventory/usgs_r_pull_candidates_VERIFIED_ACTIVE_MASK_FIRST100.csv; site_inventory/usgs_r_pull_candidates_REVIEW_SUBSET.csv
08068450,00060; 00065,1900,2099,327,site_inventory/usgs_r_pull_candidates_FULL_BROAD_INVENTORY.csv; site_inventory/usgs_r_pull_candidates_FIRST25_SMOKE.csv; site_inventory/usgs_r_pull_candidates_VERIFIED_ACTIVE_MASK_ALL.csv; site_inventory/usgs_r_pull_candidates_VERIFIED_ACTIVE_SURFACE_HAS_2024_BOTH_00065_AND_00060.csv; site_inventory/usgs_r_pull_candidates_VERIFIED_ACTIVE_SURFACE_HAS_EVER_00065_OR_00060.csv
08068500,00060; 00065,1900,2099,339,site_inventory/usgs_r_pull_candidates_FULL_BROAD_INVENTORY.csv; site_inventory/usgs_r_pull_candidates_FIRST25_SMOKE.csv; site_inventory/usgs_r_pull_candidates_VERIFIED_ACTIVE_MASK_ALL.csv; site_inventory/usgs_r_pull_candidates_VERIFIED_ACTIVE_SURFACE_HAS_2024_BOTH_00065_AND_00060.csv; site_inventory/usgs_r_pull_candidates_VERIFIED_ACTIVE_SURFACE_HAS_EVER_00065_OR_00060.csv
08068520,00060; 00065,1900,2099,238,site_inventory/usgs_r_pull_candidates_FULL_BROAD_INVENTORY.csv; site_inventory/usgs_r_pull_candidates_FIRST25_SMOKE.csv; site_inventory/usgs_r_pull_candidates_VERIFIED_ACTIVE_MASK_ALL.csv; site_inventory/usgs_r_pull_candidates_VERIFIED_ACTIVE_SURFACE_HAS_EVER_00065_OR_00060.csv; site_inventory/usgs_173_timeseries_metadata_summary.csv
08068525,00060; 00065,1918,2095,9,site_inventory/usgs_r_pull_candidates_FULL_BROAD_INVENTORY.csv; site_inventory/usgs_r_pull_candidates_FIRST25_SMOKE.csv; site_inventory/usgs_r_pull_candidates_VERIFIED_ACTIVE_MASK_ALL.csv; site_inventory/usgs_173_timeseries_metadata_summary.csv; site_inventory/usgs_r_pull_candidates_VERIFIED_ACTIVE_MASK_FIRST100.csv
08068600,00060; 00065,1918,2095,9,site_inventory/usgs_r_pull_candidates_FULL_BROAD_INVENTORY.csv; site_inventory/usgs_r_pull_candidates_FIRST25_SMOKE.csv; site_inventory/usgs_r_pull_candidates_VERIFIED_ACTIVE_MASK_ALL.csv; site_inventory/usgs_173_timeseries_metadata_summary.csv; site_inventory/usgs_r_pull_candidates_VERIFIED_ACTIVE_MASK_FIRST100.csv
08068700,00060; 00065,1900,2099,267,site_inventory/usgs_r_pull_candidates_FULL_BROAD_INVENTORY.csv; site_inventory/usgs_r_pull_candidates_FIRST25_SMOKE.csv; site_inventory/usgs_r_pull_candidates_VERIFIED_ACTIVE_MASK_ALL.csv; site_inventory/usgs_r_pull_candidates_VERIFIED_ACTIVE_SURFACE_HAS_EVER_00065_OR_00060.csv; site_inventory/usgs_173_timeseries_metadata_summary.csv
08068720,00060; 00065,1900,2099,337,site_inventory/usgs_r_pull_candidates_FULL_BROAD_INVENTORY.csv; site_inventory/usgs_r_pull_candidates_VERIFIED_ACTIVE_MASK_ALL.csv; site_inventory/usgs_r_pull_candidates_VERIFIED_ACTIVE_SURFACE_HAS_2024_BOTH_00065_AND_00060.csv; site_inventory/usgs_r_pull_candidates_VERIFIED_ACTIVE_SURFACE_HAS_EVER_00065_OR_00060.csv; site_inventory/usgs_173_timeseries_metadata_summary.csv
08068740,00060; 00065,1900,2099,298,site_inventory/usgs_r_pull_candidates_FULL_BROAD_INVENTORY.csv; site_inventory/usgs_r_pull_candidates_FIRST25_SMOKE.csv; site_inventory/usgs_r_pull_candidates_VERIFIED_ACTIVE_MASK_ALL.csv; site_inventory/usgs_r_pull_candidates_VERIFIED_ACTIVE_SURFACE_HAS_2024_BOTH_00065_AND_00060.csv; site_inventory/usgs_r_pull_candidates_VERIFIED_ACTIVE_SURFACE_HAS_EVER_00065_OR_00060.csv
08068750,00060; 00065,1918,2095,9,site_inventory/usgs_r_pull_candidates_FULL_BROAD_INVENTORY.csv; site_inventory/usgs_r_pull_candidates_FIRST25_SMOKE.csv; site_inventory/usgs_r_pull_candidates_VERIFIED_ACTIVE_MASK_ALL.csv; site_inventory/usgs_173_timeseries_metadata_summary.csv; site_inventory/usgs_r_pull_candidates_VERIFIED_ACTIVE_MASK_FIRST100.csv
08068780,00060; 00065,1900,2099,336,site_inventory/usgs_r_pull_candidates_FULL_BROAD_INVENTORY.csv; site_inventory/usgs_r_pull_candidates_FIRST25_SMOKE.csv; site_inventory/usgs_r_pull_candidates_VERIFIED_ACTIVE_MASK_ALL.csv; site_inventory/usgs_r_pull_candidates_VERIFIED_ACTIVE_SURFACE_HAS_2024_BOTH_00065_AND_00060.csv; site_inventory/usgs_r_pull_candidates_VERIFIED_ACTIVE_SURFACE_HAS_EVER_00065_OR_00060.csv
08068800,00060; 00065,1900,2099,293,site_inventory/usgs_r_pull_candidates_FULL_BROAD_INVENTORY.csv; site_inventory/usgs_r_pull_candidates_VERIFIED_ACTIVE_MASK_ALL.csv; site_inventory/usgs_r_pull_candidates_VERIFIED_ACTIVE_SURFACE_HAS_2024_BOTH_00065_AND_00060.csv; site_inventory/usgs_r_pull_candidates_VERIFIED_ACTIVE_SURFACE_HAS_EVER_00065_OR_00060.csv; site_inventory/usgs_173_timeseries_metadata_summary.csv
08068900,00060; 00065,1900,2099,317,site_inventory/usgs_r_pull_candidates_FULL_BROAD_INVENTORY.csv; site_inventory/usgs_r_pull_candidates_FIRST25_SMOKE.csv; site_inventory/usgs_r_pull_candidates_VERIFIED_ACTIVE_MASK_ALL.csv; site_inventory/usgs_r_pull_candidates_VERIFIED_ACTIVE_SURFACE_HAS_2024_BOTH_00065_AND_00060.csv; site_inventory/usgs_r_pull_candidates_VERIFIED_ACTIVE_SURFACE_HAS_EVER_00065_OR_00060.csv
08069000,00060; 00065,1900,2099,346,site_inventory/usgs_r_pull_candidates_FULL_BROAD_INVENTORY.csv; site_inventory/usgs_r_pull_candidates_FIRST25_SMOKE.csv; site_inventory/usgs_r_pull_candidates_VERIFIED_ACTIVE_MASK_ALL.csv; site_inventory/usgs_r_pull_candidates_VERIFIED_ACTIVE_SURFACE_HAS_2024_BOTH_00065_AND_00060.csv; site_inventory/usgs_r_pull_candidates_VERIFIED_ACTIVE_SURFACE_HAS_EVER_00065_OR_00060.csv
08069200,00060; 00065,1918,2095,9,site_inventory/usgs_r_pull_candidates_FULL_BROAD_INVENTORY.csv; site_inventory/usgs_r_pull_candidates_FIRST25_SMOKE.csv; site_inventory/usgs_r_pull_candidates_VERIFIED_ACTIVE_MASK_ALL.csv; site_inventory/usgs_173_timeseries_metadata_summary.csv; site_inventory/usgs_r_pull_candidates_VERIFIED_ACTIVE_MASK_FIRST100.csv
08069500,00060; 00065,1900,2095,25,site_inventory/usgs_r_pull_candidates_FULL_BROAD_INVENTORY.csv; site_inventory/usgs_2024_confirmed_download_audit.csv; site_inventory/usgs_r_pull_candidates_REVIEW_SUBSET.csv; normalized_v1/modern/_normalization_metadata/modern_pre_datum_normalization_manifest_v1.csv; merged_raw_pre_datum_v1/_merge_metadata/modern_pre_datum_normalization_manifest_used_v1.csv
08069800,,1918,2095,1,site_inventory/usgs_r_pull_candidates_FULL_BROAD_INVENTORY.csv
08069840,,1918,2095,1,site_inventory/usgs_r_pull_candidates_FULL_BROAD_INVENTORY.csv
08069850,,1918,2095,1,site_inventory/usgs_r_pull_candidates_FULL_BROAD_INVENTORY.csv
08069852,,1918,2095,1,site_inventory/usgs_r_pull_candidates_FULL_BROAD_INVENTORY.csv
08070000,,1918,2095,1,site_inventory/usgs_r_pull_candidates_FULL_BROAD_INVENTORY.csv
08070200,,1918,2095,1,site_inventory/usgs_r_pull_candidates_FULL_BROAD_INVENTORY.csv
08070220,,1918,2095,1,site_inventory/usgs_r_pull_candidates_FULL_BROAD_INVENTORY.csv
08070450,,1918,2095,1,site_inventory/usgs_r_pull_candidates_FULL_BROAD_INVENTORY.csv
08070495,,1918,2095,1,site_inventory/usgs_r_pull_candidates_FULL_BROAD_INVENTORY.csv
08070500,,1918,2095,1,site_inventory/usgs_r_pull_candidates_FULL_BROAD_INVENTORY.csv
08070550,,1918,2095,1,site_inventory/usgs_r_pull_candidates_FULL_BROAD_INVENTORY.csv
08070600,,1918,2095,1,site_inventory/usgs_r_pull_candidates_FULL_BROAD_INVENTORY.csv
08070900,,1918,2095,1,site_inventory/usgs_r_pull_candidates_FULL_BROAD_INVENTORY.csv
08071000,,1918,2095,1,site_inventory/usgs_r_pull_candidates_FULL_BROAD_INVENTORY.csv
08071100,,1918,2095,1,site_inventory/usgs_r_pull_candidates_FULL_BROAD_INVENTORY.csv
08071200,,1918,2095,1,site_inventory/usgs_r_pull_candidates_FULL_BROAD_INVENTORY.csv
08071250,,1918,2095,1,site_inventory/usgs_r_pull_candidates_FULL_BROAD_INVENTORY.csv
08071280,,1918,2095,1,site_inventory/usgs_r_pull_candidates_FULL_BROAD_INVENTORY.csv
08071300,,1918,2095,1,site_inventory/usgs_r_pull_candidates_FULL_BROAD_INVENTORY.csv
08071330,,1918,2095,1,site_inventory/usgs_r_pull_candidates_FULL_BROAD_INVENTORY.csv
08071500,,1918,2095,2,site_inventory/usgs_r_pull_candidates_FULL_BROAD_INVENTORY.csv; site_inventory/usgs_r_pull_candidates_REVIEW_SUBSET.csv
08072000,,1918,2095,2,site_inventory/usgs_r_pull_candidates_FULL_BROAD_INVENTORY.csv; site_inventory/usgs_r_pull_candidates_REVIEW_SUBSET.csv
08072020,00060; 00065,1918,2095,7,site_inventory/usgs_r_pull_candidates_FULL_BROAD_INVENTORY.csv; site_inventory/usgs_r_pull_candidates_FIRST25_SMOKE.csv; site_inventory/usgs_r_pull_candidates_VERIFIED_ACTIVE_MASK_ALL.csv; site_inventory/usgs_r_pull_candidates_VERIFIED_ACTIVE_MASK_FIRST100.csv; site_inventory/usgs_r_pull_candidates_REVIEW_SUBSET.csv
08072050,00060; 00065,1900,2099,282,site_inventory/usgs_r_pull_candidates_FULL_BROAD_INVENTORY.csv; site_inventory/usgs_r_pull_candidates_FIRST25_SMOKE.csv; site_inventory/usgs_r_pull_candidates_VERIFIED_ACTIVE_MASK_ALL.csv; site_inventory/usgs_r_pull_candidates_VERIFIED_ACTIVE_SURFACE_HAS_2024_BOTH_00065_AND_00060.csv; site_inventory/usgs_r_pull_candidates_VERIFIED_ACTIVE_SURFACE_HAS_EVER_00065_OR_00060.csv
08072100,00060; 00065,1918,2095,9,site_inventory/usgs_r_pull_candidates_FULL_BROAD_INVENTORY.csv; site_inventory/usgs_r_pull_candidates_FIRST25_SMOKE.csv; site_inventory/usgs_r_pull_candidates_VERIFIED_ACTIVE_MASK_ALL.csv; site_inventory/usgs_173_timeseries_metadata_summary.csv; site_inventory/usgs_r_pull_candidates_VERIFIED_ACTIVE_MASK_FIRST100.csv
08072150,00060; 00065,1900,2095,192,site_inventory/usgs_r_pull_candidates_FULL_BROAD_INVENTORY.csv; site_inventory/usgs_r_pull_candidates_FIRST25_SMOKE.csv; site_inventory/usgs_r_pull_candidates_VERIFIED_ACTIVE_MASK_ALL.csv; site_inventory/usgs_r_pull_candidates_VERIFIED_ACTIVE_SURFACE_HAS_EVER_00065_OR_00060.csv; site_inventory/usgs_173_timeseries_metadata_summary.csv
08072300,00060; 00065,1900,2099,335,site_inventory/usgs_r_pull_candidates_FULL_BROAD_INVENTORY.csv; site_inventory/usgs_r_pull_candidates_FIRST25_SMOKE.csv; site_inventory/usgs_r_pull_candidates_VERIFIED_ACTIVE_MASK_ALL.csv; site_inventory/usgs_r_pull_candidates_VERIFIED_ACTIVE_SURFACE_HAS_2024_BOTH_00065_AND_00060.csv; site_inventory/usgs_r_pull_candidates_VERIFIED_ACTIVE_SURFACE_HAS_EVER_00065_OR_00060.csv
08072350,00060; 00065,1900,2099,263,site_inventory/usgs_r_pull_candidates_FULL_BROAD_INVENTORY.csv; site_inventory/usgs_r_pull_candidates_VERIFIED_ACTIVE_MASK_ALL.csv; site_inventory/usgs_r_pull_candidates_VERIFIED_ACTIVE_SURFACE_HAS_EVER_00065_OR_00060.csv; site_inventory/usgs_173_timeseries_metadata_summary.csv; site_inventory/usgs_2024_confirmed_download_audit.csv
08072400,00060; 00065,1900,2095,154,site_inventory/usgs_r_pull_candidates_FULL_BROAD_INVENTORY.csv; site_inventory/usgs_r_pull_candidates_VERIFIED_ACTIVE_MASK_ALL.csv; site_inventory/usgs_r_pull_candidates_VERIFIED_ACTIVE_SURFACE_HAS_EVER_00065_OR_00060.csv; site_inventory/usgs_173_timeseries_metadata_summary.csv; site_inventory/usgs_r_pull_candidates_VERIFIED_ACTIVE_MASK_FIRST100.csv
08072470,00060; 00065,1900,2099,223,site_inventory/usgs_r_pull_candidates_FULL_BROAD_INVENTORY.csv; site_inventory/usgs_r_pull_candidates_VERIFIED_ACTIVE_MASK_ALL.csv; site_inventory/usgs_r_pull_candidates_VERIFIED_ACTIVE_SURFACE_HAS_2024_BOTH_00065_AND_00060.csv; site_inventory/usgs_r_pull_candidates_VERIFIED_ACTIVE_SURFACE_HAS_EVER_00065_OR_00060.csv; site_inventory/usgs_173_timeseries_metadata_summary.csv
08072500,00060; 00065,1918,2095,5,site_inventory/usgs_r_pull_candidates_FULL_BROAD_INVENTORY.csv; site_inventory/usgs_r_pull_candidates_VERIFIED_ACTIVE_MASK_ALL.csv; site_inventory/usgs_r_pull_candidates_VERIFIED_ACTIVE_MASK_FIRST100.csv; site_inventory/usgs_r_pull_candidates_REVIEW_SUBSET.csv; metadata/usgs_2024_FULL_BROAD_INVENTORY_manifest_20260709_122054.csv
08072520,00060; 00065,1900,2099,227,site_inventory/usgs_r_pull_candidates_FULL_BROAD_INVENTORY.csv; site_inventory/usgs_r_pull_candidates_VERIFIED_ACTIVE_MASK_ALL.csv; site_inventory/usgs_r_pull_candidates_VERIFIED_ACTIVE_SURFACE_HAS_2024_BOTH_00065_AND_00060.csv; site_inventory/usgs_r_pull_candidates_VERIFIED_ACTIVE_SURFACE_HAS_EVER_00065_OR_00060.csv; site_inventory/usgs_173_timeseries_metadata_summary.csv
08072600,00060; 00065,1900,2099,271,site_inventory/usgs_r_pull_candidates_FULL_BROAD_INVENTORY.csv; site_inventory/usgs_r_pull_candidates_VERIFIED_ACTIVE_MASK_ALL.csv; site_inventory/usgs_r_pull_candidates_VERIFIED_ACTIVE_SURFACE_HAS_2024_BOTH_00065_AND_00060.csv; site_inventory/usgs_r_pull_candidates_VERIFIED_ACTIVE_SURFACE_HAS_EVER_00065_OR_00060.csv; site_inventory/usgs_173_timeseries_metadata_summary.csv
08072680,00060; 00065,1900,2099,259,site_inventory/usgs_r_pull_candidates_FULL_BROAD_INVENTORY.csv; site_inventory/usgs_r_pull_candidates_VERIFIED_ACTIVE_MASK_ALL.csv; site_inventory/usgs_r_pull_candidates_VERIFIED_ACTIVE_SURFACE_HAS_2024_BOTH_00065_AND_00060.csv; site_inventory/usgs_r_pull_candidates_VERIFIED_ACTIVE_SURFACE_HAS_EVER_00065_OR_00060.csv; site_inventory/usgs_173_timeseries_metadata_summary.csv
08072700,00060; 00065,1900,2099,242,site_inventory/usgs_r_pull_candidates_FULL_BROAD_INVENTORY.csv; site_inventory/usgs_r_pull_candidates_VERIFIED_ACTIVE_MASK_ALL.csv; site_inventory/usgs_r_pull_candidates_VERIFIED_ACTIVE_SURFACE_HAS_EVER_00065_OR_00060.csv; site_inventory/usgs_173_timeseries_metadata_summary.csv; site_inventory/usgs_r_pull_candidates_VERIFIED_ACTIVE_MASK_FIRST100.csv
08072730,00060; 00065,1900,2099,328,site_inventory/usgs_r_pull_candidates_FULL_BROAD_INVENTORY.csv; site_inventory/usgs_r_pull_candidates_VERIFIED_ACTIVE_MASK_ALL.csv; site_inventory/usgs_r_pull_candidates_VERIFIED_ACTIVE_SURFACE_HAS_2024_BOTH_00065_AND_00060.csv; site_inventory/usgs_r_pull_candidates_VERIFIED_ACTIVE_SURFACE_HAS_EVER_00065_OR_00060.csv; site_inventory/usgs_173_timeseries_metadata_summary.csv
08072760,00060; 00065,1900,2099,325,site_inventory/usgs_r_pull_candidates_FULL_BROAD_INVENTORY.csv; site_inventory/usgs_r_pull_candidates_VERIFIED_ACTIVE_MASK_ALL.csv; site_inventory/usgs_r_pull_candidates_VERIFIED_ACTIVE_SURFACE_HAS_2024_BOTH_00065_AND_00060.csv; site_inventory/usgs_r_pull_candidates_VERIFIED_ACTIVE_SURFACE_HAS_EVER_00065_OR_00060.csv; site_inventory/usgs_173_timeseries_metadata_summary.csv
08072800,00060; 00065,1900,2099,262,site_inventory/usgs_r_pull_candidates_FULL_BROAD_INVENTORY.csv; site_inventory/usgs_r_pull_candidates_VERIFIED_ACTIVE_MASK_ALL.csv; site_inventory/usgs_r_pull_candidates_VERIFIED_ACTIVE_SURFACE_HAS_EVER_00065_OR_00060.csv; site_inventory/usgs_173_timeseries_metadata_summary.csv; site_inventory/usgs_r_pull_candidates_VERIFIED_ACTIVE_MASK_FIRST100.csv
08073000,00060; 00065,1918,2095,5,site_inventory/usgs_r_pull_candidates_FULL_BROAD_INVENTORY.csv; site_inventory/usgs_r_pull_candidates_VERIFIED_ACTIVE_MASK_ALL.csv; site_inventory/usgs_r_pull_candidates_VERIFIED_ACTIVE_MASK_FIRST100.csv; site_inventory/usgs_r_pull_candidates_REVIEW_SUBSET.csv; metadata/usgs_2024_FULL_BROAD_INVENTORY_manifest_20260709_122054.csv
08073100,00060; 00065,1900,2099,264,site_inventory/usgs_r_pull_candidates_FULL_BROAD_INVENTORY.csv; site_inventory/usgs_r_pull_candidates_VERIFIED_ACTIVE_MASK_ALL.csv; site_inventory/usgs_r_pull_candidates_VERIFIED_ACTIVE_SURFACE_HAS_2024_BOTH_00065_AND_00060.csv; site_inventory/usgs_r_pull_candidates_VERIFIED_ACTIVE_SURFACE_HAS_EVER_00065_OR_00060.csv; site_inventory/usgs_173_timeseries_metadata_summary.csv
08073500,00060; 00065,1900,2099,338,site_inventory/usgs_r_pull_candidates_FULL_BROAD_INVENTORY.csv; site_inventory/usgs_r_pull_candidates_VERIFIED_ACTIVE_MASK_ALL.csv; site_inventory/usgs_r_pull_candidates_VERIFIED_ACTIVE_SURFACE_HAS_2024_BOTH_00065_AND_00060.csv; site_inventory/usgs_r_pull_candidates_VERIFIED_ACTIVE_SURFACE_HAS_EVER_00065_OR_00060.csv; site_inventory/usgs_173_timeseries_metadata_summary.csv
08073600,00060; 00065,1900,2099,333,site_inventory/usgs_r_pull_candidates_FULL_BROAD_INVENTORY.csv; site_inventory/usgs_r_pull_candidates_VERIFIED_ACTIVE_MASK_ALL.csv; site_inventory/usgs_r_pull_candidates_VERIFIED_ACTIVE_SURFACE_HAS_2024_BOTH_00065_AND_00060.csv; site_inventory/usgs_r_pull_candidates_VERIFIED_ACTIVE_SURFACE_HAS_EVER_00065_OR_00060.csv; site_inventory/usgs_173_timeseries_metadata_summary.csv
08073630,00060; 00065,1900,2095,189,site_inventory/usgs_r_pull_candidates_FULL_BROAD_INVENTORY.csv; site_inventory/usgs_r_pull_candidates_VERIFIED_ACTIVE_MASK_ALL.csv; site_inventory/usgs_r_pull_candidates_VERIFIED_ACTIVE_SURFACE_HAS_EVER_00065_OR_00060.csv; site_inventory/usgs_173_timeseries_metadata_summary.csv; site_inventory/usgs_r_pull_candidates_VERIFIED_ACTIVE_MASK_FIRST100.csv
08073700,00060; 00065,1900,2099,330,site_inventory/usgs_r_pull_candidates_FULL_BROAD_INVENTORY.csv; site_inventory/usgs_r_pull_candidates_VERIFIED_ACTIVE_MASK_ALL.csv; site_inventory/usgs_r_pull_candidates_VERIFIED_ACTIVE_SURFACE_HAS_2024_BOTH_00065_AND_00060.csv; site_inventory/usgs_r_pull_candidates_VERIFIED_ACTIVE_SURFACE_HAS_EVER_00065_OR_00060.csv; site_inventory/usgs_173_timeseries_metadata_summary.csv
08073750,00060; 00065,1900,2095,153,site_inventory/usgs_r_pull_candidates_FULL_BROAD_INVENTORY.csv; site_inventory/usgs_r_pull_candidates_VERIFIED_ACTIVE_MASK_ALL.csv; site_inventory/usgs_r_pull_candidates_VERIFIED_ACTIVE_SURFACE_HAS_EVER_00065_OR_00060.csv; site_inventory/usgs_173_timeseries_metadata_summary.csv; site_inventory/usgs_r_pull_candidates_VERIFIED_ACTIVE_MASK_FIRST100.csv
08073800,00060; 00065,1900,2095,153,site_inventory/usgs_r_pull_candidates_FULL_BROAD_INVENTORY.csv; site_inventory/usgs_r_pull_candidates_VERIFIED_ACTIVE_MASK_ALL.csv; site_inventory/usgs_r_pull_candidates_VERIFIED_ACTIVE_SURFACE_HAS_EVER_00065_OR_00060.csv; site_inventory/usgs_173_timeseries_metadata_summary.csv; site_inventory/usgs_r_pull_candidates_VERIFIED_ACTIVE_MASK_FIRST100.csv
08073898,00060; 00065,1918,2095,6,site_inventory/usgs_r_pull_candidates_FULL_BROAD_INVENTORY.csv; site_inventory/usgs_r_pull_candidates_VERIFIED_ACTIVE_MASK_ALL.csv; site_inventory/usgs_173_timeseries_metadata_summary.csv; site_inventory/usgs_r_pull_candidates_VERIFIED_ACTIVE_MASK_FIRST100.csv; site_inventory/usgs_r_pull_candidates_REVIEW_SUBSET.csv
08073900,00060; 00065,1918,2095,6,site_inventory/usgs_r_pull_candidates_FULL_BROAD_INVENTORY.csv; site_inventory/usgs_r_pull_candidates_VERIFIED_ACTIVE_MASK_ALL.csv; site_inventory/usgs_173_timeseries_metadata_summary.csv; site_inventory/usgs_r_pull_candidates_VERIFIED_ACTIVE_MASK_FIRST100.csv; site_inventory/usgs_r_pull_candidates_REVIEW_SUBSET.csv
08074000,00060; 00065,1900,2099,265,site_inventory/usgs_r_pull_candidates_FULL_BROAD_INVENTORY.csv; site_inventory/usgs_r_pull_candidates_VERIFIED_ACTIVE_MASK_ALL.csv; site_inventory/usgs_r_pull_candidates_VERIFIED_ACTIVE_SURFACE_HAS_2024_BOTH_00065_AND_00060.csv; site_inventory/usgs_r_pull_candidates_VERIFIED_ACTIVE_SURFACE_HAS_EVER_00065_OR_00060.csv; site_inventory/usgs_173_timeseries_metadata_summary.csv
08074020,00060; 00065,1900,2099,318,site_inventory/usgs_r_pull_candidates_FULL_BROAD_INVENTORY.csv; site_inventory/usgs_r_pull_candidates_VERIFIED_ACTIVE_MASK_ALL.csv; site_inventory/usgs_r_pull_candidates_VERIFIED_ACTIVE_SURFACE_HAS_2024_BOTH_00065_AND_00060.csv; site_inventory/usgs_r_pull_candidates_VERIFIED_ACTIVE_SURFACE_HAS_EVER_00065_OR_00060.csv; site_inventory/usgs_173_timeseries_metadata_summary.csv
08074100,00060; 00065,1900,2095,153,site_inventory/usgs_r_pull_candidates_FULL_BROAD_INVENTORY.csv; site_inventory/usgs_r_pull_candidates_VERIFIED_ACTIVE_MASK_ALL.csv; site_inventory/usgs_r_pull_candidates_VERIFIED_ACTIVE_SURFACE_HAS_EVER_00065_OR_00060.csv; site_inventory/usgs_173_timeseries_metadata_summary.csv; site_inventory/usgs_r_pull_candidates_VERIFIED_ACTIVE_MASK_FIRST100.csv
08074145,,1918,2095,4,site_inventory/usgs_r_pull_candidates_FULL_BROAD_INVENTORY.csv; site_inventory/usgs_r_pull_candidates_VERIFIED_ACTIVE_MASK_ALL.csv; site_inventory/usgs_r_pull_candidates_VERIFIED_ACTIVE_MASK_FIRST100.csv; site_inventory/usgs_r_pull_candidates_REVIEW_SUBSET.csv
08074150,00060; 00065,1900,2099,296,site_inventory/usgs_r_pull_candidates_FULL_BROAD_INVENTORY.csv; site_inventory/usgs_r_pull_candidates_VERIFIED_ACTIVE_MASK_ALL.csv; site_inventory/usgs_r_pull_candidates_VERIFIED_ACTIVE_SURFACE_HAS_2024_BOTH_00065_AND_00060.csv; site_inventory/usgs_r_pull_candidates_VERIFIED_ACTIVE_SURFACE_HAS_EVER_00065_OR_00060.csv; site_inventory/usgs_173_timeseries_metadata_summary.csv
08074200,00060; 00065,1900,2095,153,site_inventory/usgs_r_pull_candidates_FULL_BROAD_INVENTORY.csv; site_inventory/usgs_r_pull_candidates_VERIFIED_ACTIVE_MASK_ALL.csv; site_inventory/usgs_r_pull_candidates_VERIFIED_ACTIVE_SURFACE_HAS_EVER_00065_OR_00060.csv; site_inventory/usgs_173_timeseries_metadata_summary.csv; site_inventory/usgs_r_pull_candidates_VERIFIED_ACTIVE_MASK_FIRST100.csv
08074250,00060; 00065,1900,2099,296,site_inventory/usgs_r_pull_candidates_FULL_BROAD_INVENTORY.csv; site_inventory/usgs_r_pull_candidates_VERIFIED_ACTIVE_MASK_ALL.csv; site_inventory/usgs_r_pull_candidates_VERIFIED_ACTIVE_SURFACE_HAS_2024_BOTH_00065_AND_00060.csv; site_inventory/usgs_r_pull_candidates_VERIFIED_ACTIVE_SURFACE_HAS_EVER_00065_OR_00060.csv; site_inventory/usgs_173_timeseries_metadata_summary.csv
08074400,,1918,2095,4,site_inventory/usgs_r_pull_candidates_FULL_BROAD_INVENTORY.csv; site_inventory/usgs_r_pull_candidates_VERIFIED_ACTIVE_MASK_ALL.csv; site_inventory/usgs_r_pull_candidates_VERIFIED_ACTIVE_MASK_FIRST100.csv; site_inventory/usgs_r_pull_candidates_REVIEW_SUBSET.csv
08074500,00060; 00065,1900,2099,344,site_inventory/usgs_r_pull_candidates_FULL_BROAD_INVENTORY.csv; site_inventory/usgs_r_pull_candidates_VERIFIED_ACTIVE_MASK_ALL.csv; site_inventory/usgs_r_pull_candidates_VERIFIED_ACTIVE_SURFACE_HAS_2024_BOTH_00065_AND_00060.csv; site_inventory/usgs_r_pull_candidates_VERIFIED_ACTIVE_SURFACE_HAS_EVER_00065_OR_00060.csv; site_inventory/usgs_173_timeseries_metadata_summary.csv
08074540,00060; 00065,1900,2099,294,site_inventory/usgs_r_pull_candidates_FULL_BROAD_INVENTORY.csv; site_inventory/usgs_r_pull_candidates_VERIFIED_ACTIVE_MASK_ALL.csv; site_inventory/usgs_r_pull_candidates_VERIFIED_ACTIVE_SURFACE_HAS_2024_BOTH_00065_AND_00060.csv; site_inventory/usgs_r_pull_candidates_VERIFIED_ACTIVE_SURFACE_HAS_EVER_00065_OR_00060.csv; site_inventory/usgs_173_timeseries_metadata_summary.csv
08074550,00060; 00065,1918,2095,6,site_inventory/usgs_r_pull_candidates_FULL_BROAD_INVENTORY.csv; site_inventory/usgs_r_pull_candidates_VERIFIED_ACTIVE_MASK_ALL.csv; site_inventory/usgs_173_timeseries_metadata_summary.csv; site_inventory/usgs_r_pull_candidates_VERIFIED_ACTIVE_MASK_FIRST100.csv; site_inventory/usgs_r_pull_candidates_REVIEW_SUBSET.csv
08074598,00060; 00065,1900,2099,261,site_inventory/usgs_r_pull_candidates_FULL_BROAD_INVENTORY.csv; site_inventory/usgs_r_pull_candidates_VERIFIED_ACTIVE_MASK_ALL.csv; site_inventory/usgs_r_pull_candidates_VERIFIED_ACTIVE_SURFACE_HAS_EVER_00065_OR_00060.csv; site_inventory/usgs_173_timeseries_metadata_summary.csv; site_inventory/usgs_r_pull_candidates_VERIFIED_ACTIVE_MASK_FIRST100.csv
08074600,00060; 00065,1900,2095,153,site_inventory/usgs_r_pull_candidates_FULL_BROAD_INVENTORY.csv; site_inventory/usgs_r_pull_candidates_VERIFIED_ACTIVE_MASK_ALL.csv; site_inventory/usgs_r_pull_candidates_VERIFIED_ACTIVE_SURFACE_HAS_EVER_00065_OR_00060.csv; site_inventory/usgs_173_timeseries_metadata_summary.csv; site_inventory/usgs_r_pull_candidates_VERIFIED_ACTIVE_MASK_FIRST100.csv
08074610,00060; 00065,1900,2095,153,site_inventory/usgs_r_pull_candidates_FULL_BROAD_INVENTORY.csv; site_inventory/usgs_r_pull_candidates_VERIFIED_ACTIVE_MASK_ALL.csv; site_inventory/usgs_r_pull_candidates_VERIFIED_ACTIVE_SURFACE_HAS_EVER_00065_OR_00060.csv; site_inventory/usgs_173_timeseries_metadata_summary.csv; site_inventory/usgs_r_pull_candidates_VERIFIED_ACTIVE_MASK_FIRST100.csv
08074620,00060; 00065,1918,2095,6,site_inventory/usgs_r_pull_candidates_FULL_BROAD_INVENTORY.csv; site_inventory/usgs_r_pull_candidates_VERIFIED_ACTIVE_MASK_ALL.csv; site_inventory/usgs_173_timeseries_metadata_summary.csv; site_inventory/usgs_r_pull_candidates_VERIFIED_ACTIVE_MASK_FIRST100.csv; site_inventory/usgs_r_pull_candidates_REVIEW_SUBSET.csv
08074630,00060; 00065,1918,2095,6,site_inventory/usgs_r_pull_candidates_FULL_BROAD_INVENTORY.csv; site_inventory/usgs_r_pull_candidates_VERIFIED_ACTIVE_MASK_ALL.csv; site_inventory/usgs_173_timeseries_metadata_summary.csv; site_inventory/usgs_r_pull_candidates_VERIFIED_ACTIVE_MASK_FIRST100.csv; site_inventory/usgs_r_pull_candidates_REVIEW_SUBSET.csv
08074700,00060; 00065,1918,2095,6,site_inventory/usgs_r_pull_candidates_FULL_BROAD_INVENTORY.csv; site_inventory/usgs_r_pull_candidates_VERIFIED_ACTIVE_MASK_ALL.csv; site_inventory/usgs_173_timeseries_metadata_summary.csv; site_inventory/usgs_r_pull_candidates_VERIFIED_ACTIVE_MASK_FIRST100.csv; site_inventory/usgs_r_pull_candidates_REVIEW_SUBSET.csv
08074710,00060; 00065,1900,2099,260,site_inventory/usgs_r_pull_candidates_FULL_BROAD_INVENTORY.csv; site_inventory/usgs_r_pull_candidates_VERIFIED_ACTIVE_MASK_ALL.csv; site_inventory/usgs_r_pull_candidates_VERIFIED_ACTIVE_SURFACE_HAS_EVER_00065_OR_00060.csv; site_inventory/usgs_173_timeseries_metadata_summary.csv; site_inventory/usgs_r_pull_candidates_VERIFIED_ACTIVE_MASK_FIRST100.csv
08074750,00060; 00065,1918,2095,6,site_inventory/usgs_r_pull_candidates_FULL_BROAD_INVENTORY.csv; site_inventory/usgs_r_pull_candidates_VERIFIED_ACTIVE_MASK_ALL.csv; site_inventory/usgs_173_timeseries_metadata_summary.csv; site_inventory/usgs_r_pull_candidates_VERIFIED_ACTIVE_MASK_FIRST100.csv; site_inventory/usgs_r_pull_candidates_REVIEW_SUBSET.csv
08074760,00060; 00065,1900,2099,304,site_inventory/usgs_r_pull_candidates_FULL_BROAD_INVENTORY.csv; site_inventory/usgs_r_pull_candidates_VERIFIED_ACTIVE_MASK_ALL.csv; site_inventory/usgs_r_pull_candidates_VERIFIED_ACTIVE_SURFACE_HAS_2024_BOTH_00065_AND_00060.csv; site_inventory/usgs_r_pull_candidates_VERIFIED_ACTIVE_SURFACE_HAS_EVER_00065_OR_00060.csv; site_inventory/usgs_173_timeseries_metadata_summary.csv
08074780,00060; 00065,1900,2095,153,site_inventory/usgs_r_pull_candidates_FULL_BROAD_INVENTORY.csv; site_inventory/usgs_r_pull_candidates_VERIFIED_ACTIVE_MASK_ALL.csv; site_inventory/usgs_r_pull_candidates_VERIFIED_ACTIVE_SURFACE_HAS_EVER_00065_OR_00060.csv; site_inventory/usgs_173_timeseries_metadata_summary.csv; site_inventory/usgs_r_pull_candidates_VERIFIED_ACTIVE_MASK_FIRST100.csv
08074800,00060; 00065,1900,2099,290,site_inventory/usgs_r_pull_candidates_FULL_BROAD_INVENTORY.csv; site_inventory/usgs_r_pull_candidates_VERIFIED_ACTIVE_MASK_ALL.csv; site_inventory/usgs_r_pull_candidates_VERIFIED_ACTIVE_SURFACE_HAS_2024_BOTH_00065_AND_00060.csv; site_inventory/usgs_r_pull_candidates_VERIFIED_ACTIVE_SURFACE_HAS_EVER_00065_OR_00060.csv; site_inventory/usgs_173_timeseries_metadata_summary.csv
08074810,00060; 00065,1900,2099,316,site_inventory/usgs_r_pull_candidates_FULL_BROAD_INVENTORY.csv; site_inventory/usgs_r_pull_candidates_VERIFIED_ACTIVE_MASK_ALL.csv; site_inventory/usgs_r_pull_candidates_VERIFIED_ACTIVE_SURFACE_HAS_2024_BOTH_00065_AND_00060.csv; site_inventory/usgs_r_pull_candidates_VERIFIED_ACTIVE_SURFACE_HAS_EVER_00065_OR_00060.csv; site_inventory/usgs_173_timeseries_metadata_summary.csv
08074850,00060; 00065,1900,2095,153,site_inventory/usgs_r_pull_candidates_FULL_BROAD_INVENTORY.csv; site_inventory/usgs_r_pull_candidates_VERIFIED_ACTIVE_MASK_ALL.csv; site_inventory/usgs_r_pull_candidates_VERIFIED_ACTIVE_SURFACE_HAS_EVER_00065_OR_00060.csv; site_inventory/usgs_173_timeseries_metadata_summary.csv; site_inventory/usgs_r_pull_candidates_VERIFIED_ACTIVE_MASK_FIRST100.csv
08074900,00060; 00065,1900,2095,153,site_inventory/usgs_r_pull_candidates_FULL_BROAD_INVENTORY.csv; site_inventory/usgs_r_pull_candidates_VERIFIED_ACTIVE_MASK_ALL.csv; site_inventory/usgs_r_pull_candidates_VERIFIED_ACTIVE_SURFACE_HAS_EVER_00065_OR_00060.csv; site_inventory/usgs_173_timeseries_metadata_summary.csv; site_inventory/usgs_r_pull_candidates_VERIFIED_ACTIVE_MASK_FIRST100.csv
08074910,00060; 00065,1900,2095,153,site_inventory/usgs_r_pull_candidates_FULL_BROAD_INVENTORY.csv; site_inventory/usgs_r_pull_candidates_VERIFIED_ACTIVE_MASK_ALL.csv; site_inventory/usgs_r_pull_candidates_VERIFIED_ACTIVE_SURFACE_HAS_EVER_00065_OR_00060.csv; site_inventory/usgs_173_timeseries_metadata_summary.csv; site_inventory/usgs_r_pull_candidates_VERIFIED_ACTIVE_MASK_FIRST100.csv
08075000,00060; 00065,1900,2099,347,site_inventory/usgs_r_pull_candidates_FULL_BROAD_INVENTORY.csv; site_inventory/usgs_r_pull_candidates_VERIFIED_ACTIVE_MASK_ALL.csv; site_inventory/usgs_r_pull_candidates_VERIFIED_ACTIVE_SURFACE_HAS_2024_BOTH_00065_AND_00060.csv; site_inventory/usgs_r_pull_candidates_VERIFIED_ACTIVE_SURFACE_HAS_EVER_00065_OR_00060.csv; site_inventory/usgs_173_timeseries_metadata_summary.csv
08075100,00060; 00065,1918,2095,6,site_inventory/usgs_r_pull_candidates_FULL_BROAD_INVENTORY.csv; site_inventory/usgs_r_pull_candidates_VERIFIED_ACTIVE_MASK_ALL.csv; site_inventory/usgs_173_timeseries_metadata_summary.csv; site_inventory/usgs_r_pull_candidates_VERIFIED_ACTIVE_MASK_FIRST100.csv; site_inventory/usgs_r_pull_candidates_REVIEW_SUBSET.csv
08075110,00060; 00065,1900,2099,292,site_inventory/usgs_r_pull_candidates_FULL_BROAD_INVENTORY.csv; site_inventory/usgs_r_pull_candidates_VERIFIED_ACTIVE_MASK_ALL.csv; site_inventory/usgs_r_pull_candidates_VERIFIED_ACTIVE_SURFACE_HAS_2024_BOTH_00065_AND_00060.csv; site_inventory/usgs_r_pull_candidates_VERIFIED_ACTIVE_SURFACE_HAS_EVER_00065_OR_00060.csv; site_inventory/usgs_173_timeseries_metadata_summary.csv
08075120,00060; 00065,1918,2095,6,site_inventory/usgs_r_pull_candidates_FULL_BROAD_INVENTORY.csv; site_inventory/usgs_r_pull_candidates_VERIFIED_ACTIVE_MASK_ALL.csv; site_inventory/usgs_173_timeseries_metadata_summary.csv; site_inventory/usgs_r_pull_candidates_VERIFIED_ACTIVE_MASK_FIRST100.csv; site_inventory/usgs_r_pull_candidates_REVIEW_SUBSET.csv
08075300,00060; 00065,1900,2095,153,site_inventory/usgs_r_pull_candidates_FULL_BROAD_INVENTORY.csv; site_inventory/usgs_r_pull_candidates_VERIFIED_ACTIVE_MASK_ALL.csv; site_inventory/usgs_r_pull_candidates_VERIFIED_ACTIVE_SURFACE_HAS_EVER_00065_OR_00060.csv; site_inventory/usgs_173_timeseries_metadata_summary.csv; site_inventory/usgs_r_pull_candidates_VERIFIED_ACTIVE_MASK_FIRST100.csv
08075400,00060; 00065,1900,2099,325,site_inventory/usgs_r_pull_candidates_FULL_BROAD_INVENTORY.csv; site_inventory/usgs_r_pull_candidates_VERIFIED_ACTIVE_MASK_ALL.csv; site_inventory/usgs_r_pull_candidates_VERIFIED_ACTIVE_SURFACE_HAS_2024_BOTH_00065_AND_00060.csv; site_inventory/usgs_r_pull_candidates_VERIFIED_ACTIVE_SURFACE_HAS_EVER_00065_OR_00060.csv; site_inventory/usgs_173_timeseries_metadata_summary.csv
08075470,00060; 00065,1918,2095,6,site_inventory/usgs_r_pull_candidates_FULL_BROAD_INVENTORY.csv; site_inventory/usgs_r_pull_candidates_VERIFIED_ACTIVE_MASK_ALL.csv; site_inventory/usgs_173_timeseries_metadata_summary.csv; site_inventory/usgs_r_pull_candidates_VERIFIED_ACTIVE_MASK_FIRST100.csv; site_inventory/usgs_r_pull_candidates_REVIEW_SUBSET.csv
08075500,00060; 00065,1900,2099,318,site_inventory/usgs_r_pull_candidates_FULL_BROAD_INVENTORY.csv; site_inventory/usgs_r_pull_candidates_VERIFIED_ACTIVE_MASK_ALL.csv; site_inventory/usgs_r_pull_candidates_VERIFIED_ACTIVE_SURFACE_HAS_2024_BOTH_00065_AND_00060.csv; site_inventory/usgs_r_pull_candidates_VERIFIED_ACTIVE_SURFACE_HAS_EVER_00065_OR_00060.csv; site_inventory/usgs_173_timeseries_metadata_summary.csv
08075550,00060; 00065,1900,2095,153,site_inventory/usgs_r_pull_candidates_FULL_BROAD_INVENTORY.csv; site_inventory/usgs_r_pull_candidates_VERIFIED_ACTIVE_MASK_ALL.csv; site_inventory/usgs_r_pull_candidates_VERIFIED_ACTIVE_SURFACE_HAS_EVER_00065_OR_00060.csv; site_inventory/usgs_173_timeseries_metadata_summary.csv; site_inventory/usgs_r_pull_candidates_VERIFIED_ACTIVE_MASK_FIRST100.csv
08075600,00060; 00065,1900,2095,153,site_inventory/usgs_r_pull_candidates_FULL_BROAD_INVENTORY.csv; site_inventory/usgs_r_pull_candidates_VERIFIED_ACTIVE_MASK_ALL.csv; site_inventory/usgs_r_pull_candidates_VERIFIED_ACTIVE_SURFACE_HAS_EVER_00065_OR_00060.csv; site_inventory/usgs_173_timeseries_metadata_summary.csv; site_inventory/usgs_r_pull_candidates_VERIFIED_ACTIVE_MASK_FIRST100.csv
08075605,00060; 00065,1900,2099,304,site_inventory/usgs_r_pull_candidates_FULL_BROAD_INVENTORY.csv; site_inventory/usgs_r_pull_candidates_VERIFIED_ACTIVE_MASK_ALL.csv; site_inventory/usgs_r_pull_candidates_VERIFIED_ACTIVE_SURFACE_HAS_2024_BOTH_00065_AND_00060.csv; site_inventory/usgs_r_pull_candidates_VERIFIED_ACTIVE_SURFACE_HAS_EVER_00065_OR_00060.csv; site_inventory/usgs_173_timeseries_metadata_summary.csv
08075650,00060; 00065,1900,2095,153,site_inventory/usgs_r_pull_candidates_FULL_BROAD_INVENTORY.csv; site_inventory/usgs_r_pull_candidates_VERIFIED_ACTIVE_MASK_ALL.csv; site_inventory/usgs_r_pull_candidates_VERIFIED_ACTIVE_SURFACE_HAS_EVER_00065_OR_00060.csv; site_inventory/usgs_173_timeseries_metadata_summary.csv; site_inventory/usgs_r_pull_candidates_VERIFIED_ACTIVE_MASK_FIRST100.csv
08075700,00060; 00065,1900,2095,153,site_inventory/usgs_r_pull_candidates_FULL_BROAD_INVENTORY.csv; site_inventory/usgs_r_pull_candidates_VERIFIED_ACTIVE_MASK_ALL.csv; site_inventory/usgs_r_pull_candidates_VERIFIED_ACTIVE_SURFACE_HAS_EVER_00065_OR_00060.csv; site_inventory/usgs_173_timeseries_metadata_summary.csv; site_inventory/usgs_r_pull_candidates_VERIFIED_ACTIVE_MASK_FIRST100.csv
08075720,00060; 00065,1918,2095,6,site_inventory/usgs_r_pull_candidates_FULL_BROAD_INVENTORY.csv; site_inventory/usgs_r_pull_candidates_VERIFIED_ACTIVE_MASK_ALL.csv; site_inventory/usgs_173_timeseries_metadata_summary.csv; site_inventory/usgs_r_pull_candidates_VERIFIED_ACTIVE_MASK_FIRST100.csv; site_inventory/usgs_r_pull_candidates_REVIEW_SUBSET.csv
08075730,00060; 00065,1900,2099,336,site_inventory/usgs_r_pull_candidates_FULL_BROAD_INVENTORY.csv; site_inventory/usgs_r_pull_candidates_VERIFIED_ACTIVE_MASK_ALL.csv; site_inventory/usgs_r_pull_candidates_VERIFIED_ACTIVE_SURFACE_HAS_2024_BOTH_00065_AND_00060.csv; site_inventory/usgs_r_pull_candidates_VERIFIED_ACTIVE_SURFACE_HAS_EVER_00065_OR_00060.csv; site_inventory/usgs_173_timeseries_metadata_summary.csv
08075740,,1918,2095,4,site_inventory/usgs_r_pull_candidates_FULL_BROAD_INVENTORY.csv; site_inventory/usgs_r_pull_candidates_VERIFIED_ACTIVE_MASK_ALL.csv; site_inventory/usgs_r_pull_candidates_VERIFIED_ACTIVE_MASK_FIRST100.csv; site_inventory/usgs_r_pull_candidates_REVIEW_SUBSET.csv
08075750,00060; 00065,1900,2095,153,site_inventory/usgs_r_pull_candidates_FULL_BROAD_INVENTORY.csv; site_inventory/usgs_r_pull_candidates_VERIFIED_ACTIVE_MASK_ALL.csv; site_inventory/usgs_r_pull_candidates_VERIFIED_ACTIVE_SURFACE_HAS_EVER_00065_OR_00060.csv; site_inventory/usgs_173_timeseries_metadata_summary.csv; site_inventory/usgs_r_pull_candidates_VERIFIED_ACTIVE_MASK_FIRST100.csv
08075760,00060; 00065,1900,2095,153,site_inventory/usgs_r_pull_candidates_FULL_BROAD_INVENTORY.csv; site_inventory/usgs_r_pull_candidates_VERIFIED_ACTIVE_MASK_ALL.csv; site_inventory/usgs_r_pull_candidates_VERIFIED_ACTIVE_SURFACE_HAS_EVER_00065_OR_00060.csv; site_inventory/usgs_173_timeseries_metadata_summary.csv; site_inventory/usgs_r_pull_candidates_VERIFIED_ACTIVE_MASK_FIRST100.csv
08075763,00060; 00065,1900,2099,304,site_inventory/usgs_r_pull_candidates_FULL_BROAD_INVENTORY.csv; site_inventory/usgs_r_pull_candidates_VERIFIED_ACTIVE_MASK_ALL.csv; site_inventory/usgs_r_pull_candidates_VERIFIED_ACTIVE_SURFACE_HAS_2024_BOTH_00065_AND_00060.csv; site_inventory/usgs_r_pull_candidates_VERIFIED_ACTIVE_SURFACE_HAS_EVER_00065_OR_00060.csv; site_inventory/usgs_173_timeseries_metadata_summary.csv
08075770,00060; 00065,1900,2099,342,site_inventory/usgs_r_pull_candidates_FULL_BROAD_INVENTORY.csv; site_inventory/usgs_r_pull_candidates_VERIFIED_ACTIVE_MASK_ALL.csv; site_inventory/usgs_r_pull_candidates_VERIFIED_ACTIVE_SURFACE_HAS_2024_BOTH_00065_AND_00060.csv; site_inventory/usgs_r_pull_candidates_VERIFIED_ACTIVE_SURFACE_HAS_EVER_00065_OR_00060.csv; site_inventory/usgs_173_timeseries_metadata_summary.csv
08075780,00060; 00065,1900,2099,297,site_inventory/usgs_r_pull_candidates_FULL_BROAD_INVENTORY.csv; site_inventory/usgs_r_pull_candidates_VERIFIED_ACTIVE_MASK_ALL.csv; site_inventory/usgs_r_pull_candidates_VERIFIED_ACTIVE_SURFACE_HAS_2024_BOTH_00065_AND_00060.csv; site_inventory/usgs_r_pull_candidates_VERIFIED_ACTIVE_SURFACE_HAS_EVER_00065_OR_00060.csv; site_inventory/usgs_173_timeseries_metadata_summary.csv
08075900,00060; 00065,1900,2099,303,site_inventory/usgs_r_pull_candidates_FULL_BROAD_INVENTORY.csv; site_inventory/usgs_r_pull_candidates_VERIFIED_ACTIVE_MASK_ALL.csv; site_inventory/usgs_r_pull_candidates_VERIFIED_ACTIVE_SURFACE_HAS_2024_BOTH_00065_AND_00060.csv; site_inventory/usgs_r_pull_candidates_VERIFIED_ACTIVE_SURFACE_HAS_EVER_00065_OR_00060.csv; site_inventory/usgs_173_timeseries_metadata_summary.csv
08076000,00060; 00065,1900,2099,339,site_inventory/usgs_r_pull_candidates_FULL_BROAD_INVENTORY.csv; site_inventory/usgs_r_pull_candidates_VERIFIED_ACTIVE_MASK_ALL.csv; site_inventory/usgs_r_pull_candidates_VERIFIED_ACTIVE_SURFACE_HAS_2024_BOTH_00065_AND_00060.csv; site_inventory/usgs_r_pull_candidates_VERIFIED_ACTIVE_SURFACE_HAS_EVER_00065_OR_00060.csv; site_inventory/usgs_173_timeseries_metadata_summary.csv
08076005,00060; 00065,1918,2095,5,site_inventory/usgs_r_pull_candidates_FULL_BROAD_INVENTORY.csv; site_inventory/usgs_r_pull_candidates_VERIFIED_ACTIVE_MASK_ALL.csv; site_inventory/usgs_173_timeseries_metadata_summary.csv; site_inventory/usgs_r_pull_candidates_REVIEW_SUBSET.csv; site_inventory/usgs_r_pull_candidates_VERIFIED_ACTIVE_MASK_SURFACE_NAME_FILTER.csv
08076180,00060; 00065,1900,2099,326,site_inventory/usgs_r_pull_candidates_FULL_BROAD_INVENTORY.csv; site_inventory/usgs_r_pull_candidates_VERIFIED_ACTIVE_MASK_ALL.csv; site_inventory/usgs_r_pull_candidates_VERIFIED_ACTIVE_SURFACE_HAS_2024_BOTH_00065_AND_00060.csv; site_inventory/usgs_r_pull_candidates_VERIFIED_ACTIVE_SURFACE_HAS_EVER_00065_OR_00060.csv; site_inventory/usgs_173_timeseries_metadata_summary.csv
08076200,00060; 00065,1900,2095,152,site_inventory/usgs_r_pull_candidates_FULL_BROAD_INVENTORY.csv; site_inventory/usgs_r_pull_candidates_VERIFIED_ACTIVE_MASK_ALL.csv; site_inventory/usgs_r_pull_candidates_VERIFIED_ACTIVE_SURFACE_HAS_EVER_00065_OR_00060.csv; site_inventory/usgs_173_timeseries_metadata_summary.csv; site_inventory/usgs_r_pull_candidates_REVIEW_SUBSET.csv
08076500,00060; 00065,1900,2099,339,site_inventory/usgs_r_pull_candidates_FULL_BROAD_INVENTORY.csv; site_inventory/usgs_r_pull_candidates_VERIFIED_ACTIVE_MASK_ALL.csv; site_inventory/usgs_r_pull_candidates_VERIFIED_ACTIVE_SURFACE_HAS_2024_BOTH_00065_AND_00060.csv; site_inventory/usgs_r_pull_candidates_VERIFIED_ACTIVE_SURFACE_HAS_EVER_00065_OR_00060.csv; site_inventory/usgs_173_timeseries_metadata_summary.csv
08076530,00060; 00065,1918,2095,5,site_inventory/usgs_r_pull_candidates_FULL_BROAD_INVENTORY.csv; site_inventory/usgs_r_pull_candidates_VERIFIED_ACTIVE_MASK_ALL.csv; site_inventory/usgs_173_timeseries_metadata_summary.csv; site_inventory/usgs_r_pull_candidates_REVIEW_SUBSET.csv; site_inventory/usgs_r_pull_candidates_VERIFIED_ACTIVE_MASK_SURFACE_NAME_FILTER.csv
08076535,00060; 00065,1918,2095,5,site_inventory/usgs_r_pull_candidates_FULL_BROAD_INVENTORY.csv; site_inventory/usgs_r_pull_candidates_VERIFIED_ACTIVE_MASK_ALL.csv; site_inventory/usgs_173_timeseries_metadata_summary.csv; site_inventory/usgs_r_pull_candidates_REVIEW_SUBSET.csv; site_inventory/usgs_r_pull_candidates_VERIFIED_ACTIVE_MASK_SURFACE_NAME_FILTER.csv
08076540,00060; 00065,1918,2095,5,site_inventory/usgs_r_pull_candidates_FULL_BROAD_INVENTORY.csv; site_inventory/usgs_r_pull_candidates_VERIFIED_ACTIVE_MASK_ALL.csv; site_inventory/usgs_173_timeseries_metadata_summary.csv; site_inventory/usgs_r_pull_candidates_REVIEW_SUBSET.csv; site_inventory/usgs_r_pull_candidates_VERIFIED_ACTIVE_MASK_SURFACE_NAME_FILTER.csv
08076700,00060; 00065,1900,2099,338,site_inventory/usgs_r_pull_candidates_FULL_BROAD_INVENTORY.csv; site_inventory/usgs_r_pull_candidates_VERIFIED_ACTIVE_MASK_ALL.csv; site_inventory/usgs_r_pull_candidates_VERIFIED_ACTIVE_SURFACE_HAS_2024_BOTH_00065_AND_00060.csv; site_inventory/usgs_r_pull_candidates_VERIFIED_ACTIVE_SURFACE_HAS_EVER_00065_OR_00060.csv; site_inventory/usgs_173_timeseries_metadata_summary.csv
08076800,00060; 00065,1918,2095,5,site_inventory/usgs_r_pull_candidates_FULL_BROAD_INVENTORY.csv; site_inventory/usgs_r_pull_candidates_VERIFIED_ACTIVE_MASK_ALL.csv; site_inventory/usgs_173_timeseries_metadata_summary.csv; site_inventory/usgs_r_pull_candidates_REVIEW_SUBSET.csv; site_inventory/usgs_r_pull_candidates_VERIFIED_ACTIVE_MASK_SURFACE_NAME_FILTER.csv
08076850,00060; 00065,1918,2095,5,site_inventory/usgs_r_pull_candidates_FULL_BROAD_INVENTORY.csv; site_inventory/usgs_r_pull_candidates_VERIFIED_ACTIVE_MASK_ALL.csv; site_inventory/usgs_173_timeseries_metadata_summary.csv; site_inventory/usgs_r_pull_candidates_REVIEW_SUBSET.csv; site_inventory/usgs_r_pull_candidates_VERIFIED_ACTIVE_MASK_SURFACE_NAME_FILTER.csv
08076900,00060; 00065,1900,2095,152,site_inventory/usgs_r_pull_candidates_FULL_BROAD_INVENTORY.csv; site_inventory/usgs_r_pull_candidates_VERIFIED_ACTIVE_MASK_ALL.csv; site_inventory/usgs_r_pull_candidates_VERIFIED_ACTIVE_SURFACE_HAS_EVER_00065_OR_00060.csv; site_inventory/usgs_173_timeseries_metadata_summary.csv; site_inventory/usgs_r_pull_candidates_REVIEW_SUBSET.csv
08076990,00060; 00065,1900,2099,218,site_inventory/usgs_r_pull_candidates_FULL_BROAD_INVENTORY.csv; site_inventory/usgs_r_pull_candidates_VERIFIED_ACTIVE_MASK_ALL.csv; site_inventory/usgs_r_pull_candidates_VERIFIED_ACTIVE_SURFACE_HAS_EVER_00065_OR_00060.csv; site_inventory/usgs_173_timeseries_metadata_summary.csv; site_inventory/usgs_r_pull_candidates_REVIEW_SUBSET.csv
08076997,00060; 00065,1900,2099,304,site_inventory/usgs_r_pull_candidates_FULL_BROAD_INVENTORY.csv; site_inventory/usgs_r_pull_candidates_VERIFIED_ACTIVE_MASK_ALL.csv; site_inventory/usgs_r_pull_candidates_VERIFIED_ACTIVE_SURFACE_HAS_2024_BOTH_00065_AND_00060.csv; site_inventory/usgs_r_pull_candidates_VERIFIED_ACTIVE_SURFACE_HAS_EVER_00065_OR_00060.csv; site_inventory/usgs_173_timeseries_metadata_summary.csv
08077000,00060; 00065,1900,2095,152,site_inventory/usgs_r_pull_candidates_FULL_BROAD_INVENTORY.csv; site_inventory/usgs_r_pull_candidates_VERIFIED_ACTIVE_MASK_ALL.csv; site_inventory/usgs_r_pull_candidates_VERIFIED_ACTIVE_SURFACE_HAS_EVER_00065_OR_00060.csv; site_inventory/usgs_173_timeseries_metadata_summary.csv; site_inventory/usgs_r_pull_candidates_REVIEW_SUBSET.csv
08077100,00060; 00065,1900,2095,152,site_inventory/usgs_r_pull_candidates_FULL_BROAD_INVENTORY.csv; site_inventory/usgs_r_pull_candidates_VERIFIED_ACTIVE_MASK_ALL.csv; site_inventory/usgs_r_pull_candidates_VERIFIED_ACTIVE_SURFACE_HAS_EVER_00065_OR_00060.csv; site_inventory/usgs_173_timeseries_metadata_summary.csv; site_inventory/usgs_r_pull_candidates_REVIEW_SUBSET.csv
08077110,,1918,2095,3,site_inventory/usgs_r_pull_candidates_FULL_BROAD_INVENTORY.csv; site_inventory/usgs_r_pull_candidates_VERIFIED_ACTIVE_MASK_ALL.csv; site_inventory/usgs_r_pull_candidates_REVIEW_SUBSET.csv
08077250,00060; 00065,1918,2095,5,site_inventory/usgs_r_pull_candidates_FULL_BROAD_INVENTORY.csv; site_inventory/usgs_r_pull_candidates_VERIFIED_ACTIVE_MASK_ALL.csv; site_inventory/usgs_173_timeseries_metadata_summary.csv; site_inventory/usgs_r_pull_candidates_REVIEW_SUBSET.csv; site_inventory/usgs_r_pull_candidates_VERIFIED_ACTIVE_MASK_SURFACE_NAME_FILTER.csv
08077300,00060; 00065,1918,2095,5,site_inventory/usgs_r_pull_candidates_FULL_BROAD_INVENTORY.csv; site_inventory/usgs_r_pull_candidates_VERIFIED_ACTIVE_MASK_ALL.csv; site_inventory/usgs_173_timeseries_metadata_summary.csv; site_inventory/usgs_r_pull_candidates_REVIEW_SUBSET.csv; site_inventory/usgs_r_pull_candidates_VERIFIED_ACTIVE_MASK_SURFACE_NAME_FILTER.csv
08077310,00060; 00065,1918,2095,5,site_inventory/usgs_r_pull_candidates_FULL_BROAD_INVENTORY.csv; site_inventory/usgs_r_pull_candidates_VERIFIED_ACTIVE_MASK_ALL.csv; site_inventory/usgs_173_timeseries_metadata_summary.csv; site_inventory/usgs_r_pull_candidates_REVIEW_SUBSET.csv; site_inventory/usgs_r_pull_candidates_VERIFIED_ACTIVE_MASK_SURFACE_NAME_FILTER.csv
08077320,00060; 00065,1918,2095,5,site_inventory/usgs_r_pull_candidates_FULL_BROAD_INVENTORY.csv; site_inventory/usgs_r_pull_candidates_VERIFIED_ACTIVE_MASK_ALL.csv; site_inventory/usgs_173_timeseries_metadata_summary.csv; site_inventory/usgs_r_pull_candidates_REVIEW_SUBSET.csv; site_inventory/usgs_r_pull_candidates_VERIFIED_ACTIVE_MASK_SURFACE_NAME_FILTER.csv
08077510,00060; 00065,1918,2095,5,site_inventory/usgs_r_pull_candidates_FULL_BROAD_INVENTORY.csv; site_inventory/usgs_r_pull_candidates_VERIFIED_ACTIVE_MASK_ALL.csv; site_inventory/usgs_173_timeseries_metadata_summary.csv; site_inventory/usgs_r_pull_candidates_REVIEW_SUBSET.csv; site_inventory/usgs_r_pull_candidates_VERIFIED_ACTIVE_MASK_SURFACE_NAME_FILTER.csv
08077540,00060; 00065,1900,2095,152,site_inventory/usgs_r_pull_candidates_FULL_BROAD_INVENTORY.csv; site_inventory/usgs_r_pull_candidates_VERIFIED_ACTIVE_MASK_ALL.csv; site_inventory/usgs_r_pull_candidates_VERIFIED_ACTIVE_SURFACE_HAS_EVER_00065_OR_00060.csv; site_inventory/usgs_173_timeseries_metadata_summary.csv; site_inventory/usgs_r_pull_candidates_REVIEW_SUBSET.csv
08077550,00060; 00065,1900,2095,152,site_inventory/usgs_r_pull_candidates_FULL_BROAD_INVENTORY.csv; site_inventory/usgs_r_pull_candidates_VERIFIED_ACTIVE_MASK_ALL.csv; site_inventory/usgs_r_pull_candidates_VERIFIED_ACTIVE_SURFACE_HAS_EVER_00065_OR_00060.csv; site_inventory/usgs_173_timeseries_metadata_summary.csv; site_inventory/usgs_r_pull_candidates_REVIEW_SUBSET.csv
08077600,00060; 00065,1900,2099,291,site_inventory/usgs_r_pull_candidates_FULL_BROAD_INVENTORY.csv; site_inventory/usgs_r_pull_candidates_VERIFIED_ACTIVE_MASK_ALL.csv; site_inventory/usgs_r_pull_candidates_VERIFIED_ACTIVE_SURFACE_HAS_2024_BOTH_00065_AND_00060.csv; site_inventory/usgs_r_pull_candidates_VERIFIED_ACTIVE_SURFACE_HAS_EVER_00065_OR_00060.csv; site_inventory/usgs_173_timeseries_metadata_summary.csv
08077612,00060; 00065,1918,2095,5,site_inventory/usgs_r_pull_candidates_FULL_BROAD_INVENTORY.csv; site_inventory/usgs_r_pull_candidates_VERIFIED_ACTIVE_MASK_ALL.csv; site_inventory/usgs_173_timeseries_metadata_summary.csv; site_inventory/usgs_r_pull_candidates_REVIEW_SUBSET.csv; site_inventory/usgs_r_pull_candidates_VERIFIED_ACTIVE_MASK_SURFACE_NAME_FILTER.csv
08077614,00060; 00065,1918,2095,5,site_inventory/usgs_r_pull_candidates_FULL_BROAD_INVENTORY.csv; site_inventory/usgs_r_pull_candidates_VERIFIED_ACTIVE_MASK_ALL.csv; site_inventory/usgs_173_timeseries_metadata_summary.csv; site_inventory/usgs_r_pull_candidates_REVIEW_SUBSET.csv; site_inventory/usgs_r_pull_candidates_VERIFIED_ACTIVE_MASK_SURFACE_NAME_FILTER.csv
08077616,00060; 00065,1918,2095,5,site_inventory/usgs_r_pull_candidates_FULL_BROAD_INVENTORY.csv; site_inventory/usgs_r_pull_candidates_VERIFIED_ACTIVE_MASK_ALL.csv; site_inventory/usgs_173_timeseries_metadata_summary.csv; site_inventory/usgs_r_pull_candidates_REVIEW_SUBSET.csv; site_inventory/usgs_r_pull_candidates_VERIFIED_ACTIVE_MASK_SURFACE_NAME_FILTER.csv
08077618,00060; 00065,1918,2095,5,site_inventory/usgs_r_pull_candidates_FULL_BROAD_INVENTORY.csv; site_inventory/usgs_r_pull_candidates_VERIFIED_ACTIVE_MASK_ALL.csv; site_inventory/usgs_173_timeseries_metadata_summary.csv; site_inventory/usgs_r_pull_candidates_REVIEW_SUBSET.csv; site_inventory/usgs_r_pull_candidates_VERIFIED_ACTIVE_MASK_SURFACE_NAME_FILTER.csv
08077620,00060; 00065,1918,2095,5,site_inventory/usgs_r_pull_candidates_FULL_BROAD_INVENTORY.csv; site_inventory/usgs_r_pull_candidates_VERIFIED_ACTIVE_MASK_ALL.csv; site_inventory/usgs_173_timeseries_metadata_summary.csv; site_inventory/usgs_r_pull_candidates_REVIEW_SUBSET.csv; site_inventory/usgs_r_pull_candidates_VERIFIED_ACTIVE_MASK_SURFACE_NAME_FILTER.csv
08077630,00060; 00065,1900,2095,152,site_inventory/usgs_r_pull_candidates_FULL_BROAD_INVENTORY.csv; site_inventory/usgs_r_pull_candidates_VERIFIED_ACTIVE_MASK_ALL.csv; site_inventory/usgs_r_pull_candidates_VERIFIED_ACTIVE_SURFACE_HAS_EVER_00065_OR_00060.csv; site_inventory/usgs_173_timeseries_metadata_summary.csv; site_inventory/usgs_r_pull_candidates_REVIEW_SUBSET.csv
08077637,00060; 00065,1918,2095,5,site_inventory/usgs_r_pull_candidates_FULL_BROAD_INVENTORY.csv; site_inventory/usgs_r_pull_candidates_VERIFIED_ACTIVE_MASK_ALL.csv; site_inventory/usgs_173_timeseries_metadata_summary.csv; site_inventory/usgs_r_pull_candidates_REVIEW_SUBSET.csv; site_inventory/usgs_r_pull_candidates_VERIFIED_ACTIVE_MASK_SURFACE_NAME_FILTER.csv
08077638,,1918,2095,2,site_inventory/usgs_r_pull_candidates_FULL_BROAD_INVENTORY.csv; site_inventory/usgs_r_pull_candidates_REVIEW_SUBSET.csv
08077640,,1918,2095,2,site_inventory/usgs_r_pull_candidates_FULL_BROAD_INVENTORY.csv; site_inventory/usgs_r_pull_candidates_REVIEW_SUBSET.csv
08077642,,1918,2095,2,site_inventory/usgs_r_pull_candidates_FULL_BROAD_INVENTORY.csv; site_inventory/usgs_r_pull_candidates_REVIEW_SUBSET.csv
08077643,,1918,2095,2,site_inventory/usgs_r_pull_candidates_FULL_BROAD_INVENTORY.csv; site_inventory/usgs_r_pull_candidates_REVIEW_SUBSET.csv
08077644,,1918,2095,2,site_inventory/usgs_r_pull_candidates_FULL_BROAD_INVENTORY.csv; site_inventory/usgs_r_pull_candidates_REVIEW_SUBSET.csv
08077645,,1918,2095,2,site_inventory/usgs_r_pull_candidates_FULL_BROAD_INVENTORY.csv; site_inventory/usgs_r_pull_candidates_REVIEW_SUBSET.csv
08077646,,1918,2095,2,site_inventory/usgs_r_pull_candidates_FULL_BROAD_INVENTORY.csv; site_inventory/usgs_r_pull_candidates_REVIEW_SUBSET.csv
08077647,,1918,2095,2,site_inventory/usgs_r_pull_candidates_FULL_BROAD_INVENTORY.csv; site_inventory/usgs_r_pull_candidates_REVIEW_SUBSET.csv
08077648,,1918,2095,2,site_inventory/usgs_r_pull_candidates_FULL_BROAD_INVENTORY.csv; site_inventory/usgs_r_pull_candidates_REVIEW_SUBSET.csv
08077649,,1918,2095,2,site_inventory/usgs_r_pull_candidates_FULL_BROAD_INVENTORY.csv; site_inventory/usgs_r_pull_candidates_REVIEW_SUBSET.csv
08077650,,1918,2095,1,site_inventory/usgs_r_pull_candidates_FULL_BROAD_INVENTORY.csv
08077652,,1918,2095,2,site_inventory/usgs_r_pull_candidates_FULL_BROAD_INVENTORY.csv; site_inventory/usgs_r_pull_candidates_REVIEW_SUBSET.csv
08077658,,1918,2095,1,site_inventory/usgs_r_pull_candidates_FULL_BROAD_INVENTORY.csv
08077670,,1918,2095,1,site_inventory/usgs_r_pull_candidates_FULL_BROAD_INVENTORY.csv
08077680,,1918,2095,1,site_inventory/usgs_r_pull_candidates_FULL_BROAD_INVENTORY.csv
08077690,,1918,2095,1,site_inventory/usgs_r_pull_candidates_FULL_BROAD_INVENTORY.csv
08077695,,1918,2095,1,site_inventory/usgs_r_pull_candidates_FULL_BROAD_INVENTORY.csv
08077700,,1918,2095,1,site_inventory/usgs_r_pull_candidates_FULL_BROAD_INVENTORY.csv
08077705,,1918,2095,1,site_inventory/usgs_r_pull_candidates_FULL_BROAD_INVENTORY.csv
08077710,,1918,2095,1,site_inventory/usgs_r_pull_candidates_FULL_BROAD_INVENTORY.csv
08077715,,1918,2095,1,site_inventory/usgs_r_pull_candidates_FULL_BROAD_INVENTORY.csv
08077717,,1918,2095,1,site_inventory/usgs_r_pull_candidates_FULL_BROAD_INVENTORY.csv
08077719,,1918,2095,1,site_inventory/usgs_r_pull_candidates_FULL_BROAD_INVENTORY.csv
08077720,,1918,2095,1,site_inventory/usgs_r_pull_candidates_FULL_BROAD_INVENTORY.csv
08077725,,1918,2095,1,site_inventory/usgs_r_pull_candidates_FULL_BROAD_INVENTORY.csv
08077730,,1918,2095,1,site_inventory/usgs_r_pull_candidates_FULL_BROAD_INVENTORY.csv
08077738,,1918,2095,1,site_inventory/usgs_r_pull_candidates_FULL_BROAD_INVENTORY.csv
08077740,,1918,2095,1,site_inventory/usgs_r_pull_candidates_FULL_BROAD_INVENTORY.csv
08077741,,1918,2095,1,site_inventory/usgs_r_pull_candidates_FULL_BROAD_INVENTORY.csv
08077745,,1918,2095,1,site_inventory/usgs_r_pull_candidates_FULL_BROAD_INVENTORY.csv
08077752,,1918,2095,1,site_inventory/usgs_r_pull_candidates_FULL_BROAD_INVENTORY.csv
08077780,,1918,2095,1,site_inventory/usgs_r_pull_candidates_FULL_BROAD_INVENTORY.csv
08077785,,1918,2095,1,site_inventory/usgs_r_pull_candidates_FULL_BROAD_INVENTORY.csv
08077800,,1918,2095,1,site_inventory/usgs_r_pull_candidates_FULL_BROAD_INVENTORY.csv
08077850,,1918,2095,1,site_inventory/usgs_r_pull_candidates_FULL_BROAD_INVENTORY.csv
08077877,,1918,2095,2,site_inventory/usgs_r_pull_candidates_FULL_BROAD_INVENTORY.csv; site_inventory/usgs_r_pull_candidates_REVIEW_SUBSET.csv
08077880,,1918,2095,2,site_inventory/usgs_r_pull_candidates_FULL_BROAD_INVENTORY.csv; site_inventory/usgs_r_pull_candidates_REVIEW_SUBSET.csv
08077885,,1918,2095,2,site_inventory/usgs_r_pull_candidates_FULL_BROAD_INVENTORY.csv; site_inventory/usgs_r_pull_candidates_REVIEW_SUBSET.csv
08077888,,1918,2095,2,site_inventory/usgs_r_pull_candidates_FULL_BROAD_INVENTORY.csv; site_inventory/usgs_r_pull_candidates_REVIEW_SUBSET.csv
08077890,,1918,2095,2,site_inventory/usgs_r_pull_candidates_FULL_BROAD_INVENTORY.csv; site_inventory/usgs_r_pull_candidates_REVIEW_SUBSET.csv
08077895,,1918,2095,1,site_inventory/usgs_r_pull_candidates_FULL_BROAD_INVENTORY.csv
08077900,,1918,2095,1,site_inventory/usgs_r_pull_candidates_FULL_BROAD_INVENTORY.csv
08077905,,1918,2095,1,site_inventory/usgs_r_pull_candidates_FULL_BROAD_INVENTORY.csv
08077910,,1918,2095,1,site_inventory/usgs_r_pull_candidates_FULL_BROAD_INVENTORY.csv
08078000,,1918,2095,1,site_inventory/usgs_r_pull_candidates_FULL_BROAD_INVENTORY.csv
08078080,,1918,2095,1,site_inventory/usgs_r_pull_candidates_FULL_BROAD_INVENTORY.csv
08078100,,1918,2095,1,site_inventory/usgs_r_pull_candidates_FULL_BROAD_INVENTORY.csv
08078150,,1918,2095,1,site_inventory/usgs_r_pull_candidates_FULL_BROAD_INVENTORY.csv
08078400,,1918,2095,1,site_inventory/usgs_r_pull_candidates_FULL_BROAD_INVENTORY.csv
08078680,,1918,2095,1,site_inventory/usgs_r_pull_candidates_FULL_BROAD_INVENTORY.csv
08078700,,1918,2095,1,site_inventory/usgs_r_pull_candidates_FULL_BROAD_INVENTORY.csv
08078702,,1918,2095,1,site_inventory/usgs_r_pull_candidates_FULL_BROAD_INVENTORY.csv
08078720,,1918,2095,1,site_inventory/usgs_r_pull_candidates_FULL_BROAD_INVENTORY.csv
08078730,,1918,2095,1,site_inventory/usgs_r_pull_candidates_FULL_BROAD_INVENTORY.csv
08078800,,1918,2095,1,site_inventory/usgs_r_pull_candidates_FULL_BROAD_INVENTORY.csv
08078890,,1918,2095,2,site_inventory/usgs_r_pull_candidates_FULL_BROAD_INVENTORY.csv; site_inventory/usgs_r_pull_candidates_REVIEW_SUBSET.csv
08078900,,1918,2095,2,site_inventory/usgs_r_pull_candidates_FULL_BROAD_INVENTORY.csv; site_inventory/usgs_r_pull_candidates_REVIEW_SUBSET.csv
08078910,,1918,2095,2,site_inventory/usgs_r_pull_candidates_FULL_BROAD_INVENTORY.csv; site_inventory/usgs_r_pull_candidates_REVIEW_SUBSET.csv
08078930,,1918,2095,1,site_inventory/usgs_r_pull_candidates_FULL_BROAD_INVENTORY.csv
08078935,,1918,2095,1,site_inventory/usgs_r_pull_candidates_FULL_BROAD_INVENTORY.csv
08078940,,1918,2095,1,site_inventory/usgs_r_pull_candidates_FULL_BROAD_INVENTORY.csv
08079000,,1918,2095,1,site_inventory/usgs_r_pull_candidates_FULL_BROAD_INVENTORY.csv
08079005,,1918,2095,1,site_inventory/usgs_r_pull_candidates_FULL_BROAD_INVENTORY.csv
08079010,,1918,2095,1,site_inventory/usgs_r_pull_candidates_FULL_BROAD_INVENTORY.csv
08108800,,1918,2095,1,site_inventory/usgs_r_pull_candidates_FULL_BROAD_INVENTORY.csv
08108990,,1918,2095,1,site_inventory/usgs_r_pull_candidates_FULL_BROAD_INVENTORY.csv
08109000,,1918,2095,1,site_inventory/usgs_r_pull_candidates_FULL_BROAD_INVENTORY.csv
08109300,,1918,2095,1,site_inventory/usgs_r_pull_candidates_FULL_BROAD_INVENTORY.csv
08109310,,1918,2095,1,site_inventory/usgs_r_pull_candidates_FULL_BROAD_INVENTORY.csv
08109500,,1918,2095,1,site_inventory/usgs_r_pull_candidates_FULL_BROAD_INVENTORY.csv
08109900,,1918,2095,1,site_inventory/usgs_r_pull_candidates_FULL_BROAD_INVENTORY.csv
08110000,,1918,2095,1,site_inventory/usgs_r_pull_candidates_FULL_BROAD_INVENTORY.csv
08110200,,1918,2095,1,site_inventory/usgs_r_pull_candidates_FULL_BROAD_INVENTORY.csv
08111006,,1918,2095,1,site_inventory/usgs_r_pull_candidates_FULL_BROAD_INVENTORY.csv
08111010,,1918,2095,1,site_inventory/usgs_r_pull_candidates_FULL_BROAD_INVENTORY.csv
08111025,,1918,2095,1,site_inventory/usgs_r_pull_candidates_FULL_BROAD_INVENTORY.csv
08111050,,1918,2095,1,site_inventory/usgs_r_pull_candidates_FULL_BROAD_INVENTORY.csv
08111051,,1918,2095,1,site_inventory/usgs_r_pull_candidates_FULL_BROAD_INVENTORY.csv
08111052,,1918,2095,1,site_inventory/usgs_r_pull_candidates_FULL_BROAD_INVENTORY.csv
08111054,,1918,2095,1,site_inventory/usgs_r_pull_candidates_FULL_BROAD_INVENTORY.csv
08111056,,1918,2095,1,site_inventory/usgs_r_pull_candidates_FULL_BROAD_INVENTORY.csv
08111058,,1918,2095,1,site_inventory/usgs_r_pull_candidates_FULL_BROAD_INVENTORY.csv
08111060,,1918,2095,1,site_inventory/usgs_r_pull_candidates_FULL_BROAD_INVENTORY.csv
08111062,,1918,2095,1,site_inventory/usgs_r_pull_candidates_FULL_BROAD_INVENTORY.csv
08111070,,1918,2095,1,site_inventory/usgs_r_pull_candidates_FULL_BROAD_INVENTORY.csv
08111080,,1918,2095,2,site_inventory/usgs_r_pull_candidates_FULL_BROAD_INVENTORY.csv; site_inventory/usgs_r_pull_candidates_REVIEW_SUBSET.csv
08111085,,1918,2095,1,site_inventory/usgs_r_pull_candidates_FULL_BROAD_INVENTORY.csv
08111090,,1918,2095,1,site_inventory/usgs_r_pull_candidates_FULL_BROAD_INVENTORY.csv
08111100,,1918,2095,1,site_inventory/usgs_r_pull_candidates_FULL_BROAD_INVENTORY.csv
08111110,,1918,2095,1,site_inventory/usgs_r_pull_candidates_FULL_BROAD_INVENTORY.csv
08111500,,1918,2095,1,site_inventory/usgs_r_pull_candidates_FULL_BROAD_INVENTORY.csv
08111570,,1918,2095,2,site_inventory/usgs_r_pull_candidates_FULL_BROAD_INVENTORY.csv; site_inventory/usgs_r_pull_candidates_REVIEW_SUBSET.csv
08111600,,1918,2095,1,site_inventory/usgs_r_pull_candidates_FULL_BROAD_INVENTORY.csv
08111650,,1918,2095,1,site_inventory/usgs_r_pull_candidates_FULL_BROAD_INVENTORY.csv
08111700,,1918,2095,1,site_inventory/usgs_r_pull_candidates_FULL_BROAD_INVENTORY.csv
08111850,,1918,2095,1,site_inventory/usgs_r_pull_candidates_FULL_BROAD_INVENTORY.csv
08112000,,1918,2095,1,site_inventory/usgs_r_pull_candidates_FULL_BROAD_INVENTORY.csv
08112200,,1918,2095,1,site_inventory/usgs_r_pull_candidates_FULL_BROAD_INVENTORY.csv
08112450,,1918,2095,2,site_inventory/usgs_r_pull_candidates_FULL_BROAD_INVENTORY.csv; site_inventory/usgs_r_pull_candidates_REVIEW_SUBSET.csv
08112500,,1918,2095,2,site_inventory/usgs_r_pull_candidates_FULL_BROAD_INVENTORY.csv; site_inventory/usgs_r_pull_candidates_REVIEW_SUBSET.csv
08113500,,1918,2095,1,site_inventory/usgs_r_pull_candidates_FULL_BROAD_INVENTORY.csv
08114000,,1918,2095,1,site_inventory/usgs_r_pull_candidates_FULL_BROAD_INVENTORY.csv
08114100,,1918,2095,1,site_inventory/usgs_r_pull_candidates_FULL_BROAD_INVENTORY.csv
08114500,,1918,2095,1,site_inventory/usgs_r_pull_candidates_FULL_BROAD_INVENTORY.csv
08114900,,1918,2095,1,site_inventory/usgs_r_pull_candidates_FULL_BROAD_INVENTORY.csv
08115000,,1918,2095,1,site_inventory/usgs_r_pull_candidates_FULL_BROAD_INVENTORY.csv
08115500,,1918,2095,1,site_inventory/usgs_r_pull_candidates_FULL_BROAD_INVENTORY.csv
08116000,,1918,2095,1,site_inventory/usgs_r_pull_candidates_FULL_BROAD_INVENTORY.csv
08116400,,1918,2095,1,site_inventory/usgs_r_pull_candidates_FULL_BROAD_INVENTORY.csv
08116500,,1918,2095,1,site_inventory/usgs_r_pull_candidates_FULL_BROAD_INVENTORY.csv
08116650,,1918,2095,1,site_inventory/usgs_r_pull_candidates_FULL_BROAD_INVENTORY.csv
08116700,,1918,2095,1,site_inventory/usgs_r_pull_candidates_FULL_BROAD_INVENTORY.csv
08116850,,1918,2095,1,site_inventory/usgs_r_pull_candidates_FULL_BROAD_INVENTORY.csv
08117200,,1918,2095,1,site_inventory/usgs_r_pull_candidates_FULL_BROAD_INVENTORY.csv
08117210,,1918,2095,1,site_inventory/usgs_r_pull_candidates_FULL_BROAD_INVENTORY.csv
08117350,,1918,2095,1,site_inventory/usgs_r_pull_candidates_FULL_BROAD_INVENTORY.csv
08117365,,1918,2095,1,site_inventory/usgs_r_pull_candidates_FULL_BROAD_INVENTORY.csv
08117370,,1918,2095,1,site_inventory/usgs_r_pull_candidates_FULL_BROAD_INVENTORY.csv
08117375,,1918,2095,1,site_inventory/usgs_r_pull_candidates_FULL_BROAD_INVENTORY.csv
08117380,,1918,2095,1,site_inventory/usgs_r_pull_candidates_FULL_BROAD_INVENTORY.csv
08117400,,1918,2095,1,site_inventory/usgs_r_pull_candidates_FULL_BROAD_INVENTORY.csv
08117403,,1918,2095,1,site_inventory/usgs_r_pull_candidates_FULL_BROAD_INVENTORY.csv
08117405,,1918,2095,1,site_inventory/usgs_r_pull_candidates_FULL_BROAD_INVENTORY.csv
08117500,,1918,2095,1,site_inventory/usgs_r_pull_candidates_FULL_BROAD_INVENTORY.csv
08117600,,1918,2095,1,site_inventory/usgs_r_pull_candidates_FULL_BROAD_INVENTORY.csv
08117700,,1918,2095,1,site_inventory/usgs_r_pull_candidates_FULL_BROAD_INVENTORY.csv
08117705,,1918,2095,1,site_inventory/usgs_r_pull_candidates_FULL_BROAD_INVENTORY.csv
08117720,,1918,2095,1,site_inventory/usgs_r_pull_candidates_FULL_BROAD_INVENTORY.csv
08117800,,1918,2095,1,site_inventory/usgs_r_pull_candidates_FULL_BROAD_INVENTORY.csv
08117850,,1918,2095,1,site_inventory/usgs_r_pull_candidates_FULL_BROAD_INVENTORY.csv
08117855,,1918,2095,1,site_inventory/usgs_r_pull_candidates_FULL_BROAD_INVENTORY.csv
08117857,,1918,2095,1,site_inventory/usgs_r_pull_candidates_FULL_BROAD_INVENTORY.csv
08144953,00060; 00065,1906,2081,1,site_inventory/usgs_173_timeseries_metadata_raw_20260709_124515.csv
08160800,,1918,2095,1,site_inventory/usgs_r_pull_candidates_FULL_BROAD_INVENTORY.csv
08161400,,1918,2095,1,site_inventory/usgs_r_pull_candidates_FULL_BROAD_INVENTORY.csv
08161500,,1918,2095,1,site_inventory/usgs_r_pull_candidates_FULL_BROAD_INVENTORY.csv
08161580,,1918,2095,1,site_inventory/usgs_r_pull_candidates_FULL_BROAD_INVENTORY.csv
08161950,,1918,2095,1,site_inventory/usgs_r_pull_candidates_FULL_BROAD_INVENTORY.csv
08162000,,1918,2095,1,site_inventory/usgs_r_pull_candidates_FULL_BROAD_INVENTORY.csv
08162100,,1918,2095,1,site_inventory/usgs_r_pull_candidates_FULL_BROAD_INVENTORY.csv
08164503,,1918,2095,1,site_inventory/usgs_r_pull_candidates_FULL_BROAD_INVENTORY.csv
08164504,,1918,2095,1,site_inventory/usgs_r_pull_candidates_FULL_BROAD_INVENTORY.csv
08273689,00060; 00065,1900,2094,2,normalized_v1/modern/_normalization_metadata/modern_pre_datum_normalization_manifest_v1.csv; merged_raw_pre_datum_v1/_merge_metadata/modern_pre_datum_normalization_manifest_used_v1.csv
08321745,00060; 00065,1900,2094,2,normalized_v1/modern/_normalization_metadata/modern_pre_datum_normalization_manifest_v1.csv; merged_raw_pre_datum_v1/_merge_metadata/modern_pre_datum_normalization_manifest_used_v1.csv
08456542,00060; 00065,1900,2094,5,normalized_v1/modern/_normalization_metadata/modern_pre_datum_normalization_manifest_v1.csv; merged_raw_pre_datum_v1/_merge_metadata/lossless_merged_raw_pre_datum_group_manifest_v1.csv; merged_raw_pre_datum_v1/_merge_metadata/lossless_merged_raw_pre_datum_input_file_manifest_v1.csv; merged_raw_pre_datum_v1/_merge_metadata/modern_pre_datum_normalization_manifest_used_v1.csv; metadata/post_merge_audits/lossless_merged_raw_pre_datum_fidelity_audit_20260714_184508/lossless_merged_raw_pre_datum_input_byte_replay_results_v1.csv
08487686,00060; 00065,1900,2094,6,normalized_v1/modern/_normalization_metadata/modern_pre_datum_normalization_manifest_v1.csv; merged_raw_pre_datum_v1/_merge_metadata/lossless_merged_raw_pre_datum_group_manifest_v1.csv; merged_raw_pre_datum_v1/_merge_metadata/lossless_merged_raw_pre_datum_input_file_manifest_v1.csv; merged_raw_pre_datum_v1/_merge_metadata/modern_pre_datum_normalization_manifest_used_v1.csv; datum_adjusted_v1/_datum_metadata/USGS_DATUM_ADJUSTED_V1_FILE_MANIFEST.csv
08611678,00060; 00065,1900,2094,2,normalized_v1/modern/_normalization_metadata/modern_pre_datum_normalization_manifest_v1.csv; merged_raw_pre_datum_v1/_merge_metadata/modern_pre_datum_normalization_manifest_used_v1.csv
08698917,00060; 00065,1900,2094,5,normalized_v1/modern/_normalization_metadata/modern_pre_datum_normalization_manifest_v1.csv; merged_raw_pre_datum_v1/_merge_metadata/lossless_merged_raw_pre_datum_group_manifest_v1.csv; merged_raw_pre_datum_v1/_merge_metadata/lossless_merged_raw_pre_datum_input_file_manifest_v1.csv; merged_raw_pre_datum_v1/_merge_metadata/modern_pre_datum_normalization_manifest_used_v1.csv; metadata/post_merge_audits/lossless_merged_raw_pre_datum_fidelity_audit_20260714_184508/lossless_merged_raw_pre_datum_input_byte_replay_results_v1.csv
08791862,00060; 00065,1900,2094,2,normalized_v1/modern/_normalization_metadata/modern_pre_datum_normalization_manifest_v1.csv; merged_raw_pre_datum_v1/_merge_metadata/modern_pre_datum_normalization_manifest_used_v1.csv
08797726,00065,2008,2024,1,metadata/universal_validation_points/universal_validation_points_20260716_143618/universal_validation_point_candidate_report.csv
09134812,00060; 00065,1932,2088,2,normalized_v1/legacy/_normalization_metadata/legacy_pre_datum_normalization_manifest_v1.csv; merged_raw_pre_datum_v1/_merge_metadata/legacy_pre_datum_normalization_manifest_used_v1.csv
09215853,00060; 00065,1900,2094,2,normalized_v1/modern/_normalization_metadata/modern_pre_datum_normalization_manifest_v1.csv; merged_raw_pre_datum_v1/_merge_metadata/modern_pre_datum_normalization_manifest_used_v1.csv
09484396,,1918,2095,1,site_inventory/usgs_r_pull_candidates_FULL_BROAD_INVENTORY.csv
09649894,00060; 00065,1900,2094,6,normalized_v1/modern/_normalization_metadata/modern_pre_datum_normalization_manifest_v1.csv; merged_raw_pre_datum_v1/_merge_metadata/lossless_merged_raw_pre_datum_group_manifest_v1.csv; merged_raw_pre_datum_v1/_merge_metadata/lossless_merged_raw_pre_datum_input_file_manifest_v1.csv; merged_raw_pre_datum_v1/_merge_metadata/modern_pre_datum_normalization_manifest_used_v1.csv; datum_adjusted_v1/_datum_metadata/USGS_DATUM_ADJUSTED_V1_FILE_MANIFEST.csv
09723254,00060; 00065,1900,2094,5,normalized_v1/modern/_normalization_metadata/modern_pre_datum_normalization_manifest_v1.csv; merged_raw_pre_datum_v1/_merge_metadata/lossless_merged_raw_pre_datum_group_manifest_v1.csv; merged_raw_pre_datum_v1/_merge_metadata/lossless_merged_raw_pre_datum_input_file_manifest_v1.csv; merged_raw_pre_datum_v1/_merge_metadata/modern_pre_datum_normalization_manifest_used_v1.csv; metadata/post_merge_audits/lossless_merged_raw_pre_datum_fidelity_audit_20260714_184508/lossless_merged_raw_pre_datum_input_byte_replay_results_v1.csv
09724087,00060; 00065,1900,2094,2,normalized_v1/modern/_normalization_metadata/modern_pre_datum_normalization_manifest_v1.csv; merged_raw_pre_datum_v1/_merge_metadata/modern_pre_datum_normalization_manifest_used_v1.csv
09983314,,1918,2095,2,site_inventory/usgs_r_pull_candidates_FULL_BROAD_INVENTORY.csv; site_inventory/usgs_r_pull_candidates_REVIEW_SUBSET.csv
